set_number,name,year_released,number_of_parts,image_url,theme_name
700.B-1,Small Doors and Windows Set (ABB),1949,12,https://cdn.rebrickable.com/media/sets/700.b-1.jpg,Supplemental
700.A-1,Small Brick Set (ABB),1949,24,https://cdn.rebrickable.com/media/sets/700.a-1.jpg,Supplemental
700.1-1,Extra-Large Gift Set (ABB),1949,142,https://cdn.rebrickable.com/media/sets/700.1-1.jpg,System
700.3-1,Medium Gift Set (ABB),1949,142,https://cdn.rebrickable.com/media/sets/700.3-1.jpg,System
700.2-1,Large Gift Set (ABB),1949,178,https://cdn.rebrickable.com/media/sets/700.2-1.jpg,System
700.1.1-1,Single 2 x 4 Brick (ABB),1950,1,https://cdn.rebrickable.com/media/sets/700.1.1-1.jpg,Supplemental
700.1.2-1,Single 2 x 2 Brick (ABB),1950,1,https://cdn.rebrickable.com/media/sets/700.1.2-1.jpg,Supplemental
700.B.1-1,Single 1 x 4 x 2 Window without Glass (ABB),1950,1,https://cdn.rebrickable.com/media/sets/700.b.1-1.jpg,Supplemental
700.B.2-1,Single 1 x 2 x 3 Window without Glass (ABB),1950,1,https://cdn.rebrickable.com/media/sets/700.b.2-1.jpg,Supplemental
700.B.3-1,Single 1 x 2 x 2 Window without Glass (ABB),1950,1,https://cdn.rebrickable.com/media/sets/700.b.3-1.jpg,Supplemental
700.B.4-1,Single 1 x 2 x 4 Door without Glass (ABB),1950,1,https://cdn.rebrickable.com/media/sets/700.b.4-1.jpg,Supplemental
700.1-2,Extra-Large Gift Set (Mursten),1953,0,https://cdn.rebrickable.com/media/sets/700.1-2.jpg,Basic Set
700.1.4-1,Individual 1 x 2 Bricks,1953,1,https://cdn.rebrickable.com/media/sets/700.1.4-1.jpg,Supplemental
700.3.4-1,Individual 2 x 3 Bricks,1953,1,https://cdn.rebrickable.com/media/sets/700.3.4-1.jpg,Supplemental
700.F-1,Automatic Binding Bricks - Small Brick Set (Lego Mursten),1953,48,https://cdn.rebrickable.com/media/sets/700.f-1.jpg,Supplemental
700.16-1,Individual 2 x 8 Bricks,1954,1,https://cdn.rebrickable.com/media/sets/700.16-1.jpg,Supplemental
700.20-1,Individual 2 x 10 Bricks,1954,1,https://cdn.rebrickable.com/media/sets/700.20-1.jpg,Supplemental
700.24-1,Individual 2 x 12 Bricks,1954,1,https://cdn.rebrickable.com/media/sets/700.24-1.jpg,Supplemental
700.28-1,Individual 2 x 14 Bricks,1954,1,https://cdn.rebrickable.com/media/sets/700.28-1.jpg,Supplemental
700.C.1-1,Individual 1 x 6 x 4 Panorama Window (with glass),1954,1,https://cdn.rebrickable.com/media/sets/700.c.1-1.jpg,Supplemental
700.C.2-1,Individual 1 x 6 x 3 3-Pane Window (with glass),1954,1,https://cdn.rebrickable.com/media/sets/700.c.2-1.jpg,Supplemental
700.C.3-1,Individual 1 x 6 x 3 Shutter Window (with glass),1954,1,https://cdn.rebrickable.com/media/sets/700.c.3-1.jpg,Supplemental
700.C.4-1,Individual 1 x 4 x 3 Window (with glass),1954,1,https://cdn.rebrickable.com/media/sets/700.c.4-1.jpg,Supplemental
700.C.5-1,Individual 1 x 3 x 3 Window (with glass),1954,1,https://cdn.rebrickable.com/media/sets/700.c.5-1.jpg,Supplemental
700.C.6-1,Individual 1 x 2 x 4 Door (with glass),1954,1,https://cdn.rebrickable.com/media/sets/700.c.6-1.jpg,Supplemental
700.H-1,Individual 4 x 4 Corner Bricks,1954,1,https://cdn.rebrickable.com/media/sets/700.h-1.jpg,Supplemental
700.C-1,Tall Classic Windows/Door (with Glass),1954,6,https://cdn.rebrickable.com/media/sets/700.c-1.jpg,Supplemental
700GP6-1,Gift Package (Lego Mursten),1954,46,https://cdn.rebrickable.com/media/sets/700gp6-1.jpg,Town Plan
700GP5-1,Gift Package (Lego Mursten),1954,54,https://cdn.rebrickable.com/media/sets/700gp5-1.jpg,Town Plan
1224.1-1,8 Danish Named Beams,1955,0,https://cdn.rebrickable.com/media/sets/1224.1-1.jpg,Supplemental
1224-2,8 Named Beams,1955,0,https://cdn.rebrickable.com/media/sets/1224-2.jpg,Supplemental
b55dk-01,Lego Mursten - System i Leg Byggebog,1955,0,https://cdn.rebrickable.com/media/sets/b55dk-01.jpg,Books
1250-2,1:87 Esso Bedford Tanker,1955,1,https://cdn.rebrickable.com/media/sets/1250-2.jpg,HO 1:87 Vehicles
1251-2,1:87 Esso Bedford Truck,1955,1,https://cdn.rebrickable.com/media/sets/1251-2.jpg,HO 1:87 Vehicles
1252-2,1:87 Esso Bedford Trailer,1955,1,https://cdn.rebrickable.com/media/sets/1252-2.jpg,HO 1:87 Vehicles
1253-2,1:87 Bedford Flatbed Truck,1955,1,https://cdn.rebrickable.com/media/sets/1253-2.jpg,HO 1:87 Vehicles
1254-2,1:87 Bedford Flatbed Trailer,1955,1,https://cdn.rebrickable.com/media/sets/1254-2.jpg,HO 1:87 Vehicles
1255-2,1:87 Bedford Fire Engine,1955,1,https://cdn.rebrickable.com/media/sets/1255-2.jpg,HO 1:87 Vehicles
1256-2,1:87 Bedford Tow Truck,1955,1,https://cdn.rebrickable.com/media/sets/1256-2.jpg,HO 1:87 Vehicles
1257-2,1:87 Bedford Delivery Truck,1955,1,https://cdn.rebrickable.com/media/sets/1257-2.jpg,HO 1:87 Vehicles
1200-1,"LEGO Town Plan Board, Large Plastic",1955,1,https://cdn.rebrickable.com/media/sets/1200-1.jpg,Town Plan
1247-2,Esso Pumps/Sign,1955,2,https://cdn.rebrickable.com/media/sets/1247-2.jpg,Supplemental
1235-2,Garage Plate and Door,1955,3,https://cdn.rebrickable.com/media/sets/1235-2.jpg,Supplemental
1215-2,2 x 8 & 2 x 10 Bricks,1955,5,https://cdn.rebrickable.com/media/sets/1215-2.jpg,Supplemental
1216-2,4 x 4 Corner Bricks,1955,5,https://cdn.rebrickable.com/media/sets/1216-2.jpg,Supplemental
1214-2,Windows and Doors,1955,6,https://cdn.rebrickable.com/media/sets/1214-2.jpg,Supplemental
1225-2,Mixed Plates Parts Pack,1955,6,https://cdn.rebrickable.com/media/sets/1225-2.jpg,Supplemental
1230-2,Windows and Door without Glass,1955,6,https://cdn.rebrickable.com/media/sets/1230-2.jpg,Supplemental
1248-2,Painted Trees and Bushes,1955,6,https://cdn.rebrickable.com/media/sets/1248-2.jpg,Supplemental
1240-2,8 Road Signs,1955,8,https://cdn.rebrickable.com/media/sets/1240-2.jpg,Supplemental
1241-2,8 Road Signs,1955,8,https://cdn.rebrickable.com/media/sets/1241-2.jpg,Supplemental
DBASE-3,Database Set for 1210-2,1955,8,https://cdn.rebrickable.com/media/sets/dbase-3.jpg,Database Sets
1224A-1,1 x 6 and 1 x 8 Bricks,1955,9,https://cdn.rebrickable.com/media/sets/1224a-1.jpg,Supplemental
DBASE-4,Database Set for Various 3009 prints For Set 1224.1-1,1955,12,https://cdn.rebrickable.com/media/sets/dbase-4.jpg,Database Sets
1217-2,2 x 4 Bricks,1955,13,https://cdn.rebrickable.com/media/sets/1217-2.jpg,Supplemental
1223-2,2 x 2 & 2 x 4 Curved Bricks,1955,14,https://cdn.rebrickable.com/media/sets/1223-2.jpg,Supplemental
1218-2,2 x 3 Bricks,1955,15,https://cdn.rebrickable.com/media/sets/1218-2.jpg,Supplemental
DBASE-5,Database Set for Various prints For Set 1224-2,1955,17,https://cdn.rebrickable.com/media/sets/dbase-5.jpg,Database Sets
1211-2,Small House Set,1955,19,https://cdn.rebrickable.com/media/sets/1211-2.jpg,Town Plan
1219-2,2 x 2 Bricks,1955,20,https://cdn.rebrickable.com/media/sets/1219-2.jpg,Supplemental
1212-2,Small House - Left Set,1955,21,https://cdn.rebrickable.com/media/sets/1212-2.jpg,Town Plan
1213-2,Small House - Right Set,1955,23,https://cdn.rebrickable.com/media/sets/1213-2.jpg,Town Plan
1220-2,1 x 2 Bricks,1955,26,https://cdn.rebrickable.com/media/sets/1220-2.jpg,Supplemental
1210-2,Small Store Set,1955,29,https://cdn.rebrickable.com/media/sets/1210-2.jpg,Town Plan
1221-2,1 x 1 Bricks,1955,40,https://cdn.rebrickable.com/media/sets/1221-2.jpg,Supplemental
1222-2,1 x 1 Round Bricks,1955,40,https://cdn.rebrickable.com/media/sets/1222-2.jpg,Supplemental
1300-1,Lego Mosaik Set (Small),1955,47,https://cdn.rebrickable.com/media/sets/1300-1.jpg,System
1236-2,Garage,1955,59,https://cdn.rebrickable.com/media/sets/1236-2.jpg,Town Plan
275-2,1:87 VW Van,1956,0,https://cdn.rebrickable.com/media/sets/275-2.jpg,HO 1:87 Vehicles
b56de-01,System im Spiel,1956,0,https://cdn.rebrickable.com/media/sets/b56de-01.jpg,Books
250-2,1:87 Esso Bedford Tanker,1956,1,https://cdn.rebrickable.com/media/sets/250-2.jpg,HO 1:87 Vehicles
251-2,1:87 Esso Bedford Truck,1956,1,https://cdn.rebrickable.com/media/sets/251-2.jpg,HO 1:87 Vehicles
252-2,1:87 Esso Bedford Trailer,1956,1,https://cdn.rebrickable.com/media/sets/252-2.jpg,HO 1:87 Vehicles
1200-2,"LEGO Town Plan Board, Small Plastic",1956,1,https://cdn.rebrickable.com/media/sets/1200-2.jpg,Town Plan
231-2,Esso Pumps/Sign,1956,2,https://cdn.rebrickable.com/media/sets/231-2.jpg,Supplemental
1226-2,6 x 8 & 2 x 8 Plates,1956,4,https://cdn.rebrickable.com/media/sets/1226-2.jpg,Supplemental
1227-2,4 x 8 & 2 x 8 Plates,1956,5,https://cdn.rebrickable.com/media/sets/1227-2.jpg,Supplemental
1228-2,4 x 8 Curved & 2 x 8 Plates,1956,5,https://cdn.rebrickable.com/media/sets/1228-2.jpg,Supplemental
1271-2,Traffic Police Set,1956,6,https://cdn.rebrickable.com/media/sets/1271-2.jpg,Town Plan
1231-2,"Windows and Door with Glass, Red",1956,10,https://cdn.rebrickable.com/media/sets/1231-2.jpg,Supplemental
1231-3,"Windows and Door with Glass, White",1956,10,https://cdn.rebrickable.com/media/sets/1231-3.jpg,Supplemental
224-1,2 x 2 & 2 x 4 Curved Bricks,1956,14,https://cdn.rebrickable.com/media/sets/224-1.jpg,Supplemental
215-4,2 x 8 Mursten Bricks (EUR),1956,24,https://cdn.rebrickable.com/media/sets/215-4.jpg,Supplemental
700.6-1,Gift Package,1956,46,https://cdn.rebrickable.com/media/sets/700.6-1.jpg,Town Plan
236-1,Garage with Automatic Door (White base and door frame),1956,69,https://cdn.rebrickable.com/media/sets/236-1.jpg,Town Plan
1310-1,ESSO Filling Station,1956,96,https://cdn.rebrickable.com/media/sets/1310-1.jpg,Town Plan
700.2-2,Gift Package,1957,0,https://cdn.rebrickable.com/media/sets/700.2-2.jpg,Basic Set
700.3A-2,Gift Package,1957,0,https://cdn.rebrickable.com/media/sets/700.3a-2.jpg,Town Plan
1200M-1,LEGO Town Plan Wooden Board,1957,1,https://cdn.rebrickable.com/media/sets/1200m-1.jpg,Town Plan
200-3,"LEGO Town Plan Board, Plastic",1957,1,https://cdn.rebrickable.com/media/sets/200-3.jpg,Town Plan
200A-1,LEGO Town Plan Wooden Board,1957,1,https://cdn.rebrickable.com/media/sets/200a-1.jpg,Town Plan
200M-1,LEGO Town Plan Wooden Board,1957,1,https://cdn.rebrickable.com/media/sets/200m-1.jpg,Town Plan
1245-2,Lighting Device Pack,1957,3,https://cdn.rebrickable.com/media/sets/1245-2.jpg,Supplemental
1242-2,International Flags,1957,5,https://cdn.rebrickable.com/media/sets/1242-2.jpg,Supplemental
1242D-1,5 Danish Flags,1957,5,https://cdn.rebrickable.com/media/sets/1242d-1.jpg,Supplemental
1308-1-DBASE-1,Database Set for 1308-1,1957,5,https://cdn.rebrickable.com/media/sets/1308-1-dbase-1.jpg,Database Sets
1307-1-DBASE-1,Database Set for 1307-1,1957,6,https://cdn.rebrickable.com/media/sets/1307-1-dbase-1.jpg,Database Sets
DBASE-6,Database Set for Set 700.0-1,1957,16,https://cdn.rebrickable.com/media/sets/dbase-6.jpg,Database Sets
1223-3,2 x 2 Curved Bricks,1957,20,https://cdn.rebrickable.com/media/sets/1223-3.jpg,Supplemental
283-1,"Sloping Ridge and Valley Bricks, Red",1957,20,https://cdn.rebrickable.com/media/sets/283-1.jpg,Supplemental
283-2,"Sloping Ridge and Valley Bricks, Blue",1957,20,https://cdn.rebrickable.com/media/sets/283-2.jpg,Supplemental
1260-2,1:87 Twenty Four Models,1957,24,https://cdn.rebrickable.com/media/sets/1260-2.jpg,HO 1:87 Vehicles
1306-1,VW Garage,1957,45,https://cdn.rebrickable.com/media/sets/1306-1.jpg,Town Plan
700GP6-2,Gift Package,1957,46,https://cdn.rebrickable.com/media/sets/700gp6-2.jpg,Town Plan
1307-1,VW Auto Showroom,1957,50,https://cdn.rebrickable.com/media/sets/1307-1.jpg,Town Plan
236-2,Garage and Van,1957,69,https://cdn.rebrickable.com/media/sets/236-2.jpg,Town Plan
1308-1,Fire Station,1957,108,https://cdn.rebrickable.com/media/sets/1308-1.jpg,Town Plan
1309-1,Church,1957,150,https://cdn.rebrickable.com/media/sets/1309-1.jpg,Town Plan
700.0-1,Gift Package,1957,238,https://cdn.rebrickable.com/media/sets/700.0-1.jpg,Town Plan
258-2,1:87 VW Van,1958,0,https://cdn.rebrickable.com/media/sets/258-2.jpg,HO 1:87 Vehicles
259-1,1:87 VW Pickup,1958,0,https://cdn.rebrickable.com/media/sets/259-1.jpg,HO 1:87 Vehicles
226-1,8 Named Beams,1958,0,https://cdn.rebrickable.com/media/sets/226-1.jpg,Supplemental
253-1,1:87 Bedford Flatbed Truck,1958,1,https://cdn.rebrickable.com/media/sets/253-1.jpg,HO 1:87 Vehicles
254-2,1:87 Bedford Flatbed Trailer,1958,1,https://cdn.rebrickable.com/media/sets/254-2.jpg,HO 1:87 Vehicles
255-1,1:87 Bedford Fire Engine,1958,1,https://cdn.rebrickable.com/media/sets/255-1.jpg,HO 1:87 Vehicles
256-2,1:87 Bedford Tow Truck,1958,1,https://cdn.rebrickable.com/media/sets/256-2.jpg,HO 1:87 Vehicles
257-1,1:87 Bedford Delivery Truck,1958,1,https://cdn.rebrickable.com/media/sets/257-1.jpg,HO 1:87 Vehicles
260-2,1:87 VW Beetle,1958,1,https://cdn.rebrickable.com/media/sets/260-2.jpg,HO 1:87 Vehicles
270-1,5 Cyclists / Motorcyclists,1958,1,https://cdn.rebrickable.com/media/sets/270-1.jpg,HO 1:87 Vehicles
legobricks-1,Bricks Box,1958,2,https://cdn.rebrickable.com/media/sets/legobricks-1.jpg,Basic Set
261-2,1:87 VW Beetle with Showroom,1958,3,https://cdn.rebrickable.com/media/sets/261-2.jpg,HO 1:87 Vehicles
235-1,Garage Plate and Door (White Base and Door Frame),1958,3,https://cdn.rebrickable.com/media/sets/235-1.jpg,Supplemental
245-1,Lighting Device Pack,1958,3,https://cdn.rebrickable.com/media/sets/245-1.jpg,Supplemental
1261-2,1:87 VW Beetle,1958,4,https://cdn.rebrickable.com/media/sets/1261-2.jpg,HO 1:87 Vehicles
1233-2,Light Masts,1958,4,https://cdn.rebrickable.com/media/sets/1233-2.jpg,Supplemental
229-1,6 x 8 & 2 x 8 Plates,1958,4,https://cdn.rebrickable.com/media/sets/229-1.jpg,Supplemental
233-1,Light Masts,1958,4,https://cdn.rebrickable.com/media/sets/233-1.jpg,Supplemental
216-1,2 x 10 Bricks,1958,5,https://cdn.rebrickable.com/media/sets/216-1.jpg,Supplemental
217-2,4 x 4 Corner Bricks,1958,5,https://cdn.rebrickable.com/media/sets/217-2.jpg,Supplemental
227-1,4 x 8 Curved & 2 x 8 Plates,1958,5,https://cdn.rebrickable.com/media/sets/227-1.jpg,Supplemental
228-1,4 x 8 & 2 x 8 Plates,1958,5,https://cdn.rebrickable.com/media/sets/228-1.jpg,Supplemental
242-1,International Flags,1958,5,https://cdn.rebrickable.com/media/sets/242-1.jpg,Supplemental
242-2,5 Danish Flags,1958,5,https://cdn.rebrickable.com/media/sets/242-2.jpg,Supplemental
242I-1,International Flags,1958,5,https://cdn.rebrickable.com/media/sets/242i-1.jpg,Supplemental
215-2,2 x 8 Bricks  (EUR/UK/AUS),1958,6,https://cdn.rebrickable.com/media/sets/215-2.jpg,Supplemental
215-2B,"2 x 8 Bricks, Blue (EUR/UK/AUS)",1958,6,https://cdn.rebrickable.com/media/sets/215-2b.jpg,Supplemental
215-2R,"2 x 8 Bricks, Red (EUR/UK/AUS)",1958,6,https://cdn.rebrickable.com/media/sets/215-2r.jpg,Supplemental
215-2W,"2 x 8 Bricks, White (EUR/UK/AUS)",1958,6,https://cdn.rebrickable.com/media/sets/215-2w.jpg,Supplemental
215-2Y,"2 x 8 Bricks, Yellow (EUR/UK/AUS)",1958,6,https://cdn.rebrickable.com/media/sets/215-2y.jpg,Supplemental
230-2,Six Trees and Bushes,1958,6,https://cdn.rebrickable.com/media/sets/230-2.jpg,Supplemental
271-2,Traffic Police Set,1958,6,https://cdn.rebrickable.com/media/sets/271-2.jpg,Town Plan
307-2-DBASE-1,Database Set for 307-2,1958,6,https://cdn.rebrickable.com/media/sets/307-2-dbase-1.jpg,Database Sets
310-5-DBASE-1,Database Set for 310-5,1958,6,https://cdn.rebrickable.com/media/sets/310-5-dbase-1.jpg,Database Sets
261-2-DBASE-1,Database Set for 261-2,1958,8,https://cdn.rebrickable.com/media/sets/261-2-dbase-1.jpg,Database Sets
225-1,1 x 6 and 1 x 8 Bricks,1958,9,https://cdn.rebrickable.com/media/sets/225-1.jpg,Supplemental
210-2-DBASE-1,Database Set for 210-2,1958,9,https://cdn.rebrickable.com/media/sets/210-2-dbase-1.jpg,Database Sets
214-2,"Ten Windows and Doors, Red",1958,10,https://cdn.rebrickable.com/media/sets/214-2.jpg,Supplemental
214-3,"Ten Windows and Doors, White",1958,10,https://cdn.rebrickable.com/media/sets/214-3.jpg,Supplemental
308-3-DBASE-1,Database Set for 308-3,1958,10,https://cdn.rebrickable.com/media/sets/308-3-dbase-1.jpg,Database Sets
259-1-DBASE-1,Database Set for 259-1,1958,12,https://cdn.rebrickable.com/media/sets/259-1-dbase-1.jpg,Database Sets
218-2,2 x 4 Bricks,1958,13,https://cdn.rebrickable.com/media/sets/218-2.jpg,Supplemental
280-1,"Sloping Roof Bricks, Red",1958,14,https://cdn.rebrickable.com/media/sets/280-1.jpg,Supplemental
280-2,"Sloping Roof Bricks, Blue",1958,14,https://cdn.rebrickable.com/media/sets/280-2.jpg,Supplemental
219-1,2 x 3 Bricks,1958,15,https://cdn.rebrickable.com/media/sets/219-1.jpg,Supplemental
232-2,16 Road Signs,1958,16,https://cdn.rebrickable.com/media/sets/232-2.jpg,Supplemental
220-1,2 x 2 Bricks,1958,20,https://cdn.rebrickable.com/media/sets/220-1.jpg,Supplemental
224-3,2 x 2 Curved Bricks,1958,20,https://cdn.rebrickable.com/media/sets/224-3.jpg,Supplemental
211-2,Small House Set,1958,20,https://cdn.rebrickable.com/media/sets/211-2.jpg,Town Plan
212-1,Small House - Left Set,1958,21,https://cdn.rebrickable.com/media/sets/212-1.jpg,Town Plan
213-2,Small House - Right Set,1958,21,https://cdn.rebrickable.com/media/sets/213-2.jpg,Town Plan
282-1,"2 x 2 Sloping Roof Bricks, Red",1958,22,https://cdn.rebrickable.com/media/sets/282-1.jpg,Supplemental
282-2,"2 x 2 Sloping Roof Bricks, Blue",1958,22,https://cdn.rebrickable.com/media/sets/282-2.jpg,Supplemental
221-2,1 x 2 Bricks,1958,26,https://cdn.rebrickable.com/media/sets/221-2.jpg,Supplemental
258-2-DBASE-1,Database Set for 258-2,1958,26,https://cdn.rebrickable.com/media/sets/258-2-dbase-1.jpg,Database Sets
210-2,Small Store Set,1958,29,https://cdn.rebrickable.com/media/sets/210-2.jpg,Town Plan
222-2,1 x 1 Bricks,1958,40,https://cdn.rebrickable.com/media/sets/222-2.jpg,Supplemental
223-2,1 x 1 Round Bricks,1958,40,https://cdn.rebrickable.com/media/sets/223-2.jpg,Supplemental
306-2,VW Garage,1958,45,https://cdn.rebrickable.com/media/sets/306-2.jpg,Town Plan
307-2,VW Auto Showroom,1958,50,https://cdn.rebrickable.com/media/sets/307-2.jpg,Town Plan
234-1,Letter Bricks,1958,53,https://cdn.rebrickable.com/media/sets/234-1.jpg,Supplemental
226-1-DBASE-1,Database Set for Various 3009 prints For Set 226-1,1958,74,https://cdn.rebrickable.com/media/sets/226-1-dbase-1.jpg,Database Sets
310-5,ESSO Filling Station,1958,95,https://cdn.rebrickable.com/media/sets/310-5.jpg,Town Plan
308-3,Fire Station,1958,111,https://cdn.rebrickable.com/media/sets/308-3.jpg,Town Plan
309-2,Church,1958,149,https://cdn.rebrickable.com/media/sets/309-2.jpg,Town Plan
200-4,"LEGO Town Plan Board, Continental European Cardboard Version",1959,1,https://cdn.rebrickable.com/media/sets/200-4.jpg,Town Plan
281-1,"1 x 2 and 3 x 2 Sloping Bricks, Red",1959,21,https://cdn.rebrickable.com/media/sets/281-1.jpg,Supplemental
281-2,"1 x 2 and 3 x 2 Sloping Bricks, Blue",1959,21,https://cdn.rebrickable.com/media/sets/281-2.jpg,Supplemental
vwkit-1,Volkswagen Kit,1959,22,https://cdn.rebrickable.com/media/sets/vwkit-1.jpg,Basic Set
238-1,Lego System Idea Book no. 1,1960,0,https://cdn.rebrickable.com/media/sets/238-1.jpg,Books
237-1,Number Bricks,1960,50,https://cdn.rebrickable.com/media/sets/237-1.jpg,Supplemental
700K-1,Kindergarten LEGO Set,1960,476,https://cdn.rebrickable.com/media/sets/700k-1.jpg,Classic
238-2,Lego System Idea Book (by Samsonite),1961,0,https://cdn.rebrickable.com/media/sets/238-2.jpg,Books
700L-1,Empty Kindergarten LEGO Box,1961,1,https://cdn.rebrickable.com/media/sets/700l-1.jpg,Classic
262-1,1:87 Opel Rekord with Garage,1961,3,https://cdn.rebrickable.com/media/sets/262-1.jpg,HO 1:87 Vehicles
263-2,1:87 Ford Taunus 17M de Luxe with Garage,1961,3,https://cdn.rebrickable.com/media/sets/263-2.jpg,HO 1:87 Vehicles
264-2,1:87 Mercedes 220 with Garage,1961,3,https://cdn.rebrickable.com/media/sets/264-2.jpg,HO 1:87 Vehicles
265-2,1:87 Karmann Ghia with Garage,1961,4,https://cdn.rebrickable.com/media/sets/265-2.jpg,HO 1:87 Vehicles
242A-1,"International Flags - Italy, Switzerland, Belgium, Germany, Netherlands",1961,5,https://cdn.rebrickable.com/media/sets/242a-1.jpg,Supplemental
242B-1,"International Flags - Britain, France, Austria, Portugal, LEGO",1961,5,https://cdn.rebrickable.com/media/sets/242b-1.jpg,Supplemental
214.1-1,1 x 6 x 3 Window with Frame,1961,6,https://cdn.rebrickable.com/media/sets/214.1-1.jpg,Supplemental
214.2-1,1 x 6 x 2 Triple-Pane Window in Frame,1961,8,https://cdn.rebrickable.com/media/sets/214.2-1.jpg,Supplemental
214.3-1,1 x 6 x 2 Double-Pane Window in Frame w/Shutters,1961,8,https://cdn.rebrickable.com/media/sets/214.3-1.jpg,Supplemental
214.4-1,1 x 4 x 2 Window in Frame,1961,9,https://cdn.rebrickable.com/media/sets/214.4-1.jpg,Supplemental
215-3,2 x 8 Bricks (USA/CAN),1961,9,https://cdn.rebrickable.com/media/sets/215-3.jpg,Supplemental
215-3B,"2 x 8 Bricks, Blue (USA/CAN)",1961,9,https://cdn.rebrickable.com/media/sets/215-3b.jpg,Supplemental
215-3R,"2 x 8 Bricks, Red (USA/CAN)",1961,9,https://cdn.rebrickable.com/media/sets/215-3r.jpg,Supplemental
215-3W,"2 x 8 Bricks, White (USA/CAN)",1961,9,https://cdn.rebrickable.com/media/sets/215-3w.jpg,Supplemental
215-3Y,"2 x 8 Bricks, Yellow (USA/CAN)",1961,9,https://cdn.rebrickable.com/media/sets/215-3y.jpg,Supplemental
214.5-1,1 x 3 x 2 Window in Frame,1961,12,https://cdn.rebrickable.com/media/sets/214.5-1.jpg,Supplemental
214.10-1,"1 x 2 x 4 Glass Door in Frame, Left",1961,13,https://cdn.rebrickable.com/media/sets/214.10-1.jpg,Supplemental
214.6-1,1 x 2 x 2 Window in Frame,1961,15,https://cdn.rebrickable.com/media/sets/214.6-1.jpg,Supplemental
214.7-1,1 x 1 x 2 Window Frame,1961,19,https://cdn.rebrickable.com/media/sets/214.7-1.jpg,Supplemental
214.8-1,1 x 2 x 1 Window Frame,1961,19,https://cdn.rebrickable.com/media/sets/214.8-1.jpg,Supplemental
214.9-1,1 x 1 x 1 Window Frame,1961,20,https://cdn.rebrickable.com/media/sets/214.9-1.jpg,Supplemental
311-4,Airplanes,1961,79,https://cdn.rebrickable.com/media/sets/311-4.jpg,Vehicle
312-4,Boats,1961,107,https://cdn.rebrickable.com/media/sets/312-4.jpg,Vehicle
810-2,Town Plan - Continental European,1961,760,https://cdn.rebrickable.com/media/sets/810-2.jpg,Town Plan
238-3,Lego System Idea Book no. 1,1962,0,https://cdn.rebrickable.com/media/sets/238-3.jpg,Books
238-4,Lego System Ideas Book no. 2,1962,0,https://cdn.rebrickable.com/media/sets/238-4.jpg,Books
200-5,"LEGO Town Plan Board, UK / Australian Cardboard Version",1962,1,https://cdn.rebrickable.com/media/sets/200-5.jpg,Town Plan
229.1-1,2 x 8 Plates,1962,8,https://cdn.rebrickable.com/media/sets/229.1-1.jpg,Supplemental
215-3Bk,"2 x 8 Bricks, Black (USA/CAN)",1962,9,https://cdn.rebrickable.com/media/sets/215-3bk.jpg,Supplemental
518-1,2 x 4 Plates (cardboard box version),1962,24,https://cdn.rebrickable.com/media/sets/518-1.jpg,Supplemental
518-9,2 x 4 Plates (architectural hobby und modelbau version),1962,26,https://cdn.rebrickable.com/media/sets/518-9.jpg,Supplemental
519-1,2 x 3 Plates (cardboard box version),1962,30,https://cdn.rebrickable.com/media/sets/519-1.jpg,Supplemental
519-9,2 x 3 Plates (architectural hobby und modelbau version),1962,32,https://cdn.rebrickable.com/media/sets/519-9.jpg,Supplemental
520-1,2 x 2 Plates (cardboard box version),1962,40,https://cdn.rebrickable.com/media/sets/520-1.jpg,Supplemental
520-9,2 x 2 Plates (architectural hobby und modelbau version),1962,42,https://cdn.rebrickable.com/media/sets/520-9.jpg,Supplemental
521-1,1 x 1 and 1 x 2 Plates (cardboard box version),1962,80,https://cdn.rebrickable.com/media/sets/521-1.jpg,Supplemental
521-9,1 x 1 and 1 x 2 Plates (architectural hobby und modelbau version),1962,82,https://cdn.rebrickable.com/media/sets/521-9.jpg,Supplemental
810-4,"Town Plan - UK, Cardboard box",1962,755,https://cdn.rebrickable.com/media/sets/810-4.jpg,Town Plan
238-5,Lego System Ideas Book no. 2,1963,0,https://cdn.rebrickable.com/media/sets/238-5.jpg,Books
238-6,Lego System Idea Book,1963,0,https://cdn.rebrickable.com/media/sets/238-6.jpg,Books
238-7,So Bauen Wir Mit LEGO,1963,0,https://cdn.rebrickable.com/media/sets/238-7.jpg,Books
b63de-01,LEGO Hobby und Modellbau,1963,0,https://cdn.rebrickable.com/media/sets/b63de-01.jpg,Books
7100-1,Samsonite Large Educational Set,1963,0,https://cdn.rebrickable.com/media/sets/7100-1.jpg,Samsonite
261-3,1:87 VW Beetle with Garage,1963,3,https://cdn.rebrickable.com/media/sets/261-3.jpg,HO 1:87 Vehicles
266-2,1:87 Mercedes 190 SL with Garage,1963,3,https://cdn.rebrickable.com/media/sets/266-2.jpg,HO 1:87 Vehicles
267-1,1:87 VW 1500 Limousine with Garage,1963,3,https://cdn.rebrickable.com/media/sets/267-1.jpg,HO 1:87 Vehicles
268-2,1:87 Ford Taunus 17M with Garage,1963,3,https://cdn.rebrickable.com/media/sets/268-2.jpg,HO 1:87 Vehicles
242.1-1,6 International Flags -1-,1963,6,https://cdn.rebrickable.com/media/sets/242.1-1.jpg,Supplemental
242.2-1,6 International Flags -2-,1963,6,https://cdn.rebrickable.com/media/sets/242.2-1.jpg,Supplemental
242.3-1,6 International Flags -3-,1963,6,https://cdn.rebrickable.com/media/sets/242.3-1.jpg,Supplemental
M20-2555-10,Modulex Box - 10x Window 1 x 5 x 5,1963,10,https://cdn.rebrickable.com/media/sets/m20-2555-10.jpg,Other
M20-2348-10,Modulex Box - 10x Door Panel 1 x 4 x 8,1963,10,https://cdn.rebrickable.com/media/sets/m20-2348-10.jpg,Modulex
M20-2542-10,Modulex Box - 10x Window 1 x 4 x 2,1963,10,https://cdn.rebrickable.com/media/sets/m20-2542-10.jpg,Modulex
M20-2544-10,Modulex Box - 10x Window 1 x 4 x 4,1963,10,https://cdn.rebrickable.com/media/sets/m20-2544-10.jpg,Modulex
M20-2548-10,Modulex Box - 10x Door Panel 1 x 4 x 8 with Border,1963,10,https://cdn.rebrickable.com/media/sets/m20-2548-10.jpg,Modulex
M20-2552-10,Modulex Box - 10x Window 1 x 5 x 2,1963,10,https://cdn.rebrickable.com/media/sets/m20-2552-10.jpg,Modulex
M20-2553-10,Modulex Box - 10x Window 1 x 5 x 3,1963,10,https://cdn.rebrickable.com/media/sets/m20-2553-10.jpg,Modulex
M20-2562-10,Modulex Box - 10x Window 1 x 6 x 2,1963,10,https://cdn.rebrickable.com/media/sets/m20-2562-10.jpg,Modulex
M20-2563-10,Modulex Box - 10x Window 1 x 6 x 3,1963,10,https://cdn.rebrickable.com/media/sets/m20-2563-10.jpg,Modulex
M20-2565-10,Modulex Box - 10x Window 1 x 6 x 5,1963,10,https://cdn.rebrickable.com/media/sets/m20-2565-10.jpg,Modulex
M20-2566-10,Modulex Box - 10x Window 1 x 6 x 6,1963,10,https://cdn.rebrickable.com/media/sets/m20-2566-10.jpg,Modulex
M20-2575-10,Modulex Box - 10x Window 1 x 7 x 5,1963,10,https://cdn.rebrickable.com/media/sets/m20-2575-10.jpg,Modulex
M20-2576-10,Modulex Box - 10x Window 1 x 7 x 6,1963,10,https://cdn.rebrickable.com/media/sets/m20-2576-10.jpg,Modulex
M20-2586-10,Modulex Box - 10x Window 1 x 8 x 6,1963,10,https://cdn.rebrickable.com/media/sets/m20-2586-10.jpg,Modulex
400-4,Small Wheels with Axles (System),1963,12,https://cdn.rebrickable.com/media/sets/400-4.jpg,Supplemental
314-2,Large & Small Wheels & Turn-Table,1963,35,https://cdn.rebrickable.com/media/sets/314-2.jpg,Supplemental
315-3,European Taxi,1963,48,https://cdn.rebrickable.com/media/sets/315-3.jpg,Vehicle
316-2,Farm Tractor,1963,49,https://cdn.rebrickable.com/media/sets/316-2.jpg,Vehicle
340-4,Railroad Control Tower,1963,74,https://cdn.rebrickable.com/media/sets/340-4.jpg,Building
M20-2110-100,Modulex Box - 100x Tile 1 x 1,1963,100,https://cdn.rebrickable.com/media/sets/m20-2110-100.jpg,Modulex
M20-2111-100,Modulex Box - 100x Brick 1 x 1,1963,100,https://cdn.rebrickable.com/media/sets/m20-2111-100.jpg,Modulex
M20-2120-100,Modulex Box - 100x Tile 1 x 2,1963,100,https://cdn.rebrickable.com/media/sets/m20-2120-100.jpg,Modulex
M20-2121-100,Modulex Box - 100x Brick 1 x 2,1963,100,https://cdn.rebrickable.com/media/sets/m20-2121-100.jpg,Modulex
M20-2122-100,Modulex Box - 100x Brick 2 x 2,1963,100,https://cdn.rebrickable.com/media/sets/m20-2122-100.jpg,Modulex
M20-2130-100,Modulex Box - 100x Tile 1 x 3,1963,100,https://cdn.rebrickable.com/media/sets/m20-2130-100.jpg,Modulex
M20-2131-100,Modulex Box - 100x Brick 1 x 3,1963,100,https://cdn.rebrickable.com/media/sets/m20-2131-100.jpg,Modulex
M20-2132-100,Modulex Box - 100x Brick 2 x 3,1963,100,https://cdn.rebrickable.com/media/sets/m20-2132-100.jpg,Modulex
M20-2140-100,Modulex Box - 100x Tile 1 x 4,1963,100,https://cdn.rebrickable.com/media/sets/m20-2140-100.jpg,Modulex
M20-2141-100,Modulex Box - 100x Brick 1 x 4,1963,100,https://cdn.rebrickable.com/media/sets/m20-2141-100.jpg,Modulex
M20-2142-100,Modulex Box - 100x Brick 2 x 4,1963,100,https://cdn.rebrickable.com/media/sets/m20-2142-100.jpg,Modulex
M20-2211-100,Modulex Box - 100x Slope 1 x 1,1963,100,https://cdn.rebrickable.com/media/sets/m20-2211-100.jpg,Modulex
M20-2221-100,Modulex Box - 100x Slope 1 x 2,1963,100,https://cdn.rebrickable.com/media/sets/m20-2221-100.jpg,Modulex
M20-2231-100,Modulex Box - 100x Slope 1 x 3,1963,100,https://cdn.rebrickable.com/media/sets/m20-2231-100.jpg,Modulex
M20-2314-100,Modulex Box - 100x Brick 1 x 1 x 4 with Vertical Grooves,1963,100,https://cdn.rebrickable.com/media/sets/m20-2314-100.jpg,Modulex
M20-2315-100,Modulex Box - 100x Brick 1 x 1 x 5 with Vertical Grooves,1963,100,https://cdn.rebrickable.com/media/sets/m20-2315-100.jpg,Modulex
M20-2341-100,Modulex Box - 100x Brick 1 x 4 with Horizontal Grooves,1963,100,https://cdn.rebrickable.com/media/sets/m20-2341-100.jpg,Modulex
M20-2351-100,Modulex Box - 100x Brick 1 x 5 with Horizontal Grooves,1963,100,https://cdn.rebrickable.com/media/sets/m20-2351-100.jpg,Modulex
M20-2361-100,Modulex Box - 100x Brick 1 x 6 with Horizontal Grooves,1963,100,https://cdn.rebrickable.com/media/sets/m20-2361-100.jpg,Modulex
M20-2371-100,Modulex Box - 100x Brick 1 x 7 with Horizontal Grooves,1963,100,https://cdn.rebrickable.com/media/sets/m20-2371-100.jpg,Modulex
317-1,Truck,1963,125,https://cdn.rebrickable.com/media/sets/317-1.jpg,Vehicle
318-1,Windmill Set,1963,153,https://cdn.rebrickable.com/media/sets/318-1.jpg,Building
M20-2261-100,"Modulex Box - 100x Slope 1 x 4, Slope 1 x 2 - 1:6",1963,200,https://cdn.rebrickable.com/media/sets/m20-2261-100.jpg,Modulex
905-1,Doll Set,1963,266,https://cdn.rebrickable.com/media/sets/905-1.jpg,System
LEGO-Modulex-1,Unused Modulex parts sold by LEGO,1963,276,https://cdn.rebrickable.com/media/sets/lego-modulex-1.jpg,Database Sets
472-1,1:87 Nine Models,1964,0,https://cdn.rebrickable.com/media/sets/472-1.jpg,HO 1:87 Vehicles
658-2,1:87 VW Van,1964,0,https://cdn.rebrickable.com/media/sets/658-2.jpg,HO 1:87 Vehicles
238-8,System: Ideas Book No. 3,1964,0,https://cdn.rebrickable.com/media/sets/238-8.jpg,Books
238-9,System: Idea Book,1964,0,https://cdn.rebrickable.com/media/sets/238-9.jpg,Books
650-2,1:87 Mercedes Esso Tanker,1964,1,https://cdn.rebrickable.com/media/sets/650-2.jpg,HO 1:87 Vehicles
651-2,1:87 Mercedes Truck,1964,1,https://cdn.rebrickable.com/media/sets/651-2.jpg,HO 1:87 Vehicles
652-1,1:87 Mercedes Truck/Trailer,1964,1,https://cdn.rebrickable.com/media/sets/652-1.jpg,HO 1:87 Vehicles
653-2,1:87 Mercedes Flatbed Truck,1964,1,https://cdn.rebrickable.com/media/sets/653-2.jpg,HO 1:87 Vehicles
655-2,1:87 Mercedes Fire Truck,1964,1,https://cdn.rebrickable.com/media/sets/655-2.jpg,HO 1:87 Vehicles
656-2,1:87 Mercedes Tow Truck,1964,1,https://cdn.rebrickable.com/media/sets/656-2.jpg,HO 1:87 Vehicles
657-2,1:87 Mercedes Delivery Van,1964,1,https://cdn.rebrickable.com/media/sets/657-2.jpg,HO 1:87 Vehicles
659-2,1:87 VW Pickup,1964,1,https://cdn.rebrickable.com/media/sets/659-2.jpg,HO 1:87 Vehicles
661-2,1:87 VW Beetle,1964,1,https://cdn.rebrickable.com/media/sets/661-2.jpg,HO 1:87 Vehicles
664-2,1:87 Mercedes 220 S,1964,1,https://cdn.rebrickable.com/media/sets/664-2.jpg,HO 1:87 Vehicles
665-1,1:87 Karmann Ghia,1964,1,https://cdn.rebrickable.com/media/sets/665-1.jpg,HO 1:87 Vehicles
666-1,1:87 Mercedes Sport,1964,1,https://cdn.rebrickable.com/media/sets/666-1.jpg,HO 1:87 Vehicles
667-1,1:87 VW 1500,1964,1,https://cdn.rebrickable.com/media/sets/667-1.jpg,HO 1:87 Vehicles
668-1,1:87 Ford Taunus 17M,1964,1,https://cdn.rebrickable.com/media/sets/668-1.jpg,HO 1:87 Vehicles
671-3,1:87 Vauxhall Victor Estate with Garage,1964,1,https://cdn.rebrickable.com/media/sets/671-3.jpg,HO 1:87 Vehicles
799-1,"Baseplate, Gray",1964,1,https://cdn.rebrickable.com/media/sets/799-1.jpg,Supplemental
654-2,1:87 Mercedes Flatbed Truck/Trailer,1964,2,https://cdn.rebrickable.com/media/sets/654-2.jpg,HO 1:87 Vehicles
670-3,1:87 Jaguar E-Type with Garage,1964,3,https://cdn.rebrickable.com/media/sets/670-3.jpg,HO 1:87 Vehicles
402-2,White Turntables,1964,5,https://cdn.rebrickable.com/media/sets/402-2.jpg,Supplemental
401-3,Large Wheels with Axles (System),1964,7,https://cdn.rebrickable.com/media/sets/401-3.jpg,Supplemental
041-1,Pre-School Beginners Set,1964,24,https://cdn.rebrickable.com/media/sets/041-1.jpg,Jumbo Bricks
303-2,Aeroplane,1964,46,https://cdn.rebrickable.com/media/sets/303-2.jpg,Vehicle
803-3,Seesaw,1964,47,https://cdn.rebrickable.com/media/sets/803-3.jpg,System
804-2,Building Crane,1964,64,https://cdn.rebrickable.com/media/sets/804-2.jpg,System
304-2,Tractor & Trailer,1964,82,https://cdn.rebrickable.com/media/sets/304-2.jpg,Vehicle
806-2,Cowboy & Pony,1964,87,https://cdn.rebrickable.com/media/sets/806-2.jpg,System
805-2,3 Little Indians,1964,89,https://cdn.rebrickable.com/media/sets/805-2.jpg,System
802-3,Player Piano,1964,90,https://cdn.rebrickable.com/media/sets/802-3.jpg,System
802A-1,Player Piano,1964,90,https://cdn.rebrickable.com/media/sets/802a-1.jpg,System
801-3,Space Rocket,1964,115,https://cdn.rebrickable.com/media/sets/801-3.jpg,System
305-2,Fire Engine,1964,170,https://cdn.rebrickable.com/media/sets/305-2.jpg,Vehicle
322-2,Town House,1964,171,https://cdn.rebrickable.com/media/sets/322-2.jpg,Building
324-2,House with Garage,1964,174,https://cdn.rebrickable.com/media/sets/324-2.jpg,Building
323-1,Train,1964,253,https://cdn.rebrickable.com/media/sets/323-1.jpg,Vehicle
603-2,1:87 CitroÃ«n DS 19,1965,1,https://cdn.rebrickable.com/media/sets/603-2.jpg,HO 1:87 Vehicles
605-3,1:87 Fiat 1800,1965,1,https://cdn.rebrickable.com/media/sets/605-3.jpg,HO 1:87 Vehicles
607-2,1:87 VW Samba Bus,1965,1,https://cdn.rebrickable.com/media/sets/607-2.jpg,HO 1:87 Vehicles
662-2,1:87 Opel Rekord,1965,1,https://cdn.rebrickable.com/media/sets/662-2.jpg,HO 1:87 Vehicles
799-2,Giant Base Plate,1965,1,https://cdn.rebrickable.com/media/sets/799-2.jpg,Supplemental
90-2,Educational Box - Empty,1965,1,https://cdn.rebrickable.com/media/sets/90-2.jpg,Classic
002-1,4.5V Samsonite Gears Motor Set,1965,3,https://cdn.rebrickable.com/media/sets/002-1.jpg,Technic
699-2,1:87 8 Trucks,1965,14,https://cdn.rebrickable.com/media/sets/699-2.jpg,HO 1:87 Vehicles
005-1,Basic Building Set in Cardboard,1965,35,https://cdn.rebrickable.com/media/sets/005-1.jpg,Basic Set
409-1,38 Slimbricks Assorted Sizes (The Building Toy),1965,38,https://cdn.rebrickable.com/media/sets/409-1.jpg,Supplemental
509-1,38 Slimbricks Assorted Sizes,1965,38,https://cdn.rebrickable.com/media/sets/509-1.jpg,Supplemental
001-1,Gears,1965,43,https://cdn.rebrickable.com/media/sets/001-1.jpg,Technic
510-2,Tiles,1965,52,https://cdn.rebrickable.com/media/sets/510-2.jpg,Supplemental
010-1,Basic Building Set in Cardboard,1965,57,https://cdn.rebrickable.com/media/sets/010-1.jpg,Basic Set
326-1,Small Cottage,1965,63,https://cdn.rebrickable.com/media/sets/326-1.jpg,Building
319-1,Truck with Trailer,1965,74,https://cdn.rebrickable.com/media/sets/319-1.jpg,Vehicle
320-2,Two-Engine Airplane,1965,120,https://cdn.rebrickable.com/media/sets/320-2.jpg,Vehicle
DATABASE-1,Unused Parts Database Set - Pre-1965,1965,189,https://cdn.rebrickable.com/media/sets/database-1.jpg,Database Sets
321-1,Clowns,1965,223,https://cdn.rebrickable.com/media/sets/321-1.jpg,Basic Set
610-3,Super Wheel Toy Set,1965,304,https://cdn.rebrickable.com/media/sets/610-3.jpg,Vehicle
820-2,"Wooden Storage Box Large (Double Latch) with Contents, with Lattice",1966,0,https://cdn.rebrickable.com/media/sets/820-2.jpg,System
695-2,1:87 6 European Cars,1966,0,https://cdn.rebrickable.com/media/sets/695-2.jpg,HO 1:87 Vehicles
696-2,1:87 6 Passenger Cars,1966,0,https://cdn.rebrickable.com/media/sets/696-2.jpg,HO 1:87 Vehicles
426-1,7 Named Beams (The Building Toy),1966,0,https://cdn.rebrickable.com/media/sets/426-1.jpg,Supplemental
461-1,"Windows and Doors, Retailer Pack",1966,0,https://cdn.rebrickable.com/media/sets/461-1.jpg,Supplemental
239-1,Wir bauen mit Lego Idea Book,1966,0,https://cdn.rebrickable.com/media/sets/239-1.jpg,Books
b66de-01,LEGO Motor Eisenbahn,1966,0,https://cdn.rebrickable.com/media/sets/b66de-01.jpg,Books
101-3,4.5V Battery Case,1966,1,https://cdn.rebrickable.com/media/sets/101-3.jpg,4.5V
601-3,1:87 Morris 1100,1966,1,https://cdn.rebrickable.com/media/sets/601-3.jpg,HO 1:87 Vehicles
649-2,1:87 Mercedes Shell Tanker,1966,1,https://cdn.rebrickable.com/media/sets/649-2.jpg,HO 1:87 Vehicles
700-1,10 x 20 Brickplate,1966,1,https://cdn.rebrickable.com/media/sets/700-1.jpg,Supplemental
710-2,Lockable Storage Case,1966,1,https://cdn.rebrickable.com/media/sets/710-2.jpg,Storage
435-2,Garage Plate and Door (The Building Toy),1966,3,https://cdn.rebrickable.com/media/sets/435-2.jpg,Supplemental
445-2,Lighting Device Pack (The Building Toy),1966,3,https://cdn.rebrickable.com/media/sets/445-2.jpg,Supplemental
429-1,4 Plates 6 x 8 (The Building Toy),1966,4,https://cdn.rebrickable.com/media/sets/429-1.jpg,Supplemental
485-2,Lighting Brick (System),1966,4,https://cdn.rebrickable.com/media/sets/485-2.jpg,Supplemental
061-1,Five Large Base Plates - Green,1966,5,https://cdn.rebrickable.com/media/sets/061-1.jpg,Supplemental
062-1,Five Large Base Plates - White,1966,5,https://cdn.rebrickable.com/media/sets/062-1.jpg,Supplemental
063-1,Five Large Base Plates - Blue,1966,5,https://cdn.rebrickable.com/media/sets/063-1.jpg,Supplemental
402-3,White Turntables,1966,5,https://cdn.rebrickable.com/media/sets/402-3.jpg,Supplemental
417-3,Cornerbricks (The Building Toy),1966,5,https://cdn.rebrickable.com/media/sets/417-3.jpg,Supplemental
428-1,5 Plates 4 x 8 (The Building Toy),1966,5,https://cdn.rebrickable.com/media/sets/428-1.jpg,Supplemental
416-1,4 Sixteens 2 Twenties (The Building Toy),1966,6,https://cdn.rebrickable.com/media/sets/416-1.jpg,Supplemental
430-2,Six Trees and Bushes (The Building Toy),1966,6,https://cdn.rebrickable.com/media/sets/430-2.jpg,Supplemental
433-1,6 Street Lamps with Curved Top (The Building Toy),1966,6,https://cdn.rebrickable.com/media/sets/433-1.jpg,Supplemental
451-1,"1 x 6 x 3 Window, Red or White",1966,6,https://cdn.rebrickable.com/media/sets/451-1.jpg,Supplemental
464-1,"6 x 8 Plates, White",1966,6,https://cdn.rebrickable.com/media/sets/464-1.jpg,Supplemental
401-2,Large Wheels with Axles (The Building Toy),1966,7,https://cdn.rebrickable.com/media/sets/401-2.jpg,Supplemental
427-1,8 Plates 2 x 8 (The Building Toy),1966,8,https://cdn.rebrickable.com/media/sets/427-1.jpg,Supplemental
432-1,Road Signs (The Building Toy),1966,8,https://cdn.rebrickable.com/media/sets/432-1.jpg,Supplemental
452-2,"1 x 6 x 2 Window, Red or White",1966,8,https://cdn.rebrickable.com/media/sets/452-2.jpg,Supplemental
453-2,"1 x 6 x 2 Shuttered Windows, Red or White",1966,8,https://cdn.rebrickable.com/media/sets/453-2.jpg,Supplemental
463-1,"4 x 8 Plates, White",1966,8,https://cdn.rebrickable.com/media/sets/463-1.jpg,Supplemental
492-2,Nordic and American Flags,1966,8,https://cdn.rebrickable.com/media/sets/492-2.jpg,Supplemental
493-2,European Flags,1966,8,https://cdn.rebrickable.com/media/sets/493-2.jpg,Supplemental
042-1,Jumbo Brick Pull Toy,1966,9,https://cdn.rebrickable.com/media/sets/042-1.jpg,Jumbo Bricks
501-3,JUMBO Pull Toy,1966,9,https://cdn.rebrickable.com/media/sets/501-3.jpg,Jumbo Bricks
415-1,5 Sixteens and 4 Twenties (System),1966,9,https://cdn.rebrickable.com/media/sets/415-1.jpg,Supplemental
454-2,"1 x 4 x 2 Window, Red or White",1966,9,https://cdn.rebrickable.com/media/sets/454-2.jpg,Supplemental
490-2,Trees and Bushes,1966,9,https://cdn.rebrickable.com/media/sets/490-2.jpg,Supplemental
414-3,"Windows Parts Pack, Red (The Building Toy)",1966,10,https://cdn.rebrickable.com/media/sets/414-3.jpg,Supplemental
414-4,"Windows Parts Pack, White (The Building Toy)",1966,10,https://cdn.rebrickable.com/media/sets/414-4.jpg,Supplemental
414-5,"Windows Parts Pack, Red (System)",1966,10,https://cdn.rebrickable.com/media/sets/414-5.jpg,Supplemental
414-6,"Windows Parts Pack, White (System)",1966,10,https://cdn.rebrickable.com/media/sets/414-6.jpg,Supplemental
417-4,Cornerbricks (System),1966,10,https://cdn.rebrickable.com/media/sets/417-4.jpg,Supplemental
698-2,1:87 12 Cars,1966,12,https://cdn.rebrickable.com/media/sets/698-2.jpg,HO 1:87 Vehicles
400-3,Small Wheels with Axles (The Building Toy),1966,12,https://cdn.rebrickable.com/media/sets/400-3.jpg,Supplemental
403-3,Train Couplers and Wheels (System),1966,12,https://cdn.rebrickable.com/media/sets/403-3.jpg,Supplemental
455-2,"1 x 3 x 2 Window, Red or White",1966,12,https://cdn.rebrickable.com/media/sets/455-2.jpg,Supplemental
418-2,2 x 4 Bricks (The Building Toy),1966,13,https://cdn.rebrickable.com/media/sets/418-2.jpg,Supplemental
431-1,Gas Station (The Building Toy),1966,13,https://cdn.rebrickable.com/media/sets/431-1.jpg,Supplemental
460-2,"1 x 2 x 3 Doors Refill, Red or White",1966,13,https://cdn.rebrickable.com/media/sets/460-2.jpg,Supplemental
491-2,"Shell Station Brick and Sign, 6 Named Beams",1966,13,https://cdn.rebrickable.com/media/sets/491-2.jpg,Supplemental
DBASE-2,Database Set for Set 426-1,1966,13,https://cdn.rebrickable.com/media/sets/dbase-2.jpg,Database Sets
480-4,"Slopes and Slopes Double 2 x 4, Red (The Building Toy)",1966,14,https://cdn.rebrickable.com/media/sets/480-4.jpg,Supplemental
480-5,"Slopes and Slopes Double 2 x 4, Blue (The Building Toy)",1966,14,https://cdn.rebrickable.com/media/sets/480-5.jpg,Supplemental
489-1,Traffic Signs,1966,14,https://cdn.rebrickable.com/media/sets/489-1.jpg,Supplemental
DBASE-1,Database Set for Set 491-2,1966,14,https://cdn.rebrickable.com/media/sets/dbase-1.jpg,Database Sets
153-1,Large Train Wagon,1966,15,https://cdn.rebrickable.com/media/sets/153-1.jpg,4.5V
060-1,Assorted White Plates,1966,15,https://cdn.rebrickable.com/media/sets/060-1.jpg,Supplemental
419-2,2 x 3 Bricks (The Building Toy),1966,15,https://cdn.rebrickable.com/media/sets/419-2.jpg,Supplemental
456-2,"1 x 2 x 2 Window, Red or White",1966,15,https://cdn.rebrickable.com/media/sets/456-2.jpg,Supplemental
100-1,4.5V Motor with Wheels (Small Version),1966,16,https://cdn.rebrickable.com/media/sets/100-1.jpg,4.5V
462-2,"2 x 8 Plates, White",1966,16,https://cdn.rebrickable.com/media/sets/462-2.jpg,Supplemental
057-1,Large Wheels,1966,17,https://cdn.rebrickable.com/media/sets/057-1.jpg,Supplemental
113-2-DBASE-1,Database Set for Various 3009 prints For Set 113-2,1966,18,https://cdn.rebrickable.com/media/sets/113-2-dbase-1.jpg,Database Sets
457-1,"1 x 1 x 2 Window, Red or White",1966,19,https://cdn.rebrickable.com/media/sets/457-1.jpg,Supplemental
458-1,"1 x 2 x 1 Window, Red or White",1966,19,https://cdn.rebrickable.com/media/sets/458-1.jpg,Supplemental
420-3,2 x 2 Bricks (The Building Toy),1966,20,https://cdn.rebrickable.com/media/sets/420-3.jpg,Supplemental
421-2,2 eights 2 sixes 2 fours 8 twos 6 ones (The Building Toy),1966,20,https://cdn.rebrickable.com/media/sets/421-2.jpg,Supplemental
459-1,"1 x 1 x 1 Windows Refill, Red or White",1966,20,https://cdn.rebrickable.com/media/sets/459-1.jpg,Supplemental
483-4,"Angle, Valley and Corner Slopes, Red (The Building Toy)",1966,20,https://cdn.rebrickable.com/media/sets/483-4.jpg,Supplemental
483-5,"Angle, Valley and Corner Slopes, Blue (The Building Toy)",1966,20,https://cdn.rebrickable.com/media/sets/483-5.jpg,Supplemental
418-3,2 x 4 Bricks (System),1966,21,https://cdn.rebrickable.com/media/sets/418-3.jpg,Supplemental
481-3,"Slopes and Slopes Double 2 x 3 and 2 x 1, Red (The Building Toy)",1966,21,https://cdn.rebrickable.com/media/sets/481-3.jpg,Supplemental
481-4,"Slopes and Slopes Double 2 x 3 an 2 x 1, Blue (The Building Toy)",1966,21,https://cdn.rebrickable.com/media/sets/481-4.jpg,Supplemental
152-1,Two Train Wagons,1966,22,https://cdn.rebrickable.com/media/sets/152-1.jpg,4.5V
482-3,"Slopes and Slopes Double 2 x 2, Red (The Building Toy)",1966,22,https://cdn.rebrickable.com/media/sets/482-3.jpg,Supplemental
482-4,"Slopes and Slopes Double 2 x 2, Blue (The Building Toy)",1966,22,https://cdn.rebrickable.com/media/sets/482-4.jpg,Supplemental
480-6,"Slopes and Slopes Double 2 x 4, Red (System)",1966,23,https://cdn.rebrickable.com/media/sets/480-6.jpg,Supplemental
480-7,"Slopes and Sloped Double 2 x 4, Blue (System)",1966,23,https://cdn.rebrickable.com/media/sets/480-7.jpg,Supplemental
150-1,Straight Track,1966,25,https://cdn.rebrickable.com/media/sets/150-1.jpg,4.5V
055-1,Trees & Bushes,1966,25,https://cdn.rebrickable.com/media/sets/055-1.jpg,Supplemental
419-3,2 x 3 Bricks (System),1966,25,https://cdn.rebrickable.com/media/sets/419-3.jpg,Supplemental
058-1,Small Wheels,1966,26,https://cdn.rebrickable.com/media/sets/058-1.jpg,Supplemental
100-2,4.5V Motor with Wheels (Large Version),1966,27,https://cdn.rebrickable.com/media/sets/100-2.jpg,4.5V
151-1,Curved Track,1966,28,https://cdn.rebrickable.com/media/sets/151-1.jpg,4.5V
422-1,"1 x 1, 1 x 2, 1 x 4, 1 x 6, 1 x 8 Bricks",1966,28,https://cdn.rebrickable.com/media/sets/422-1.jpg,Supplemental
423-3,Curved and Round Bricks (The Building Toy),1966,28,https://cdn.rebrickable.com/media/sets/423-3.jpg,Supplemental
420-4,2 x 2 Bricks (System),1966,33,https://cdn.rebrickable.com/media/sets/420-4.jpg,Supplemental
481-5,"Slopes Regular, Double, Angle, Valley and Corner, Red (System)",1966,34,https://cdn.rebrickable.com/media/sets/481-5.jpg,Supplemental
481-6,"Slopes Regular, Double, Angle, Valley and Corner, Blue (System)",1966,34,https://cdn.rebrickable.com/media/sets/481-6.jpg,Supplemental
470-1,"1 x 1, 1 x 2, 2 x 2, 2 x 3, 2 x 4 Plates (System)",1966,39,https://cdn.rebrickable.com/media/sets/470-1.jpg,Supplemental
421-1,1 x 2 Bricks,1966,44,https://cdn.rebrickable.com/media/sets/421-1.jpg,Supplemental
487-2,1 x 1 Bricks with Numbers (System),1966,44,https://cdn.rebrickable.com/media/sets/487-2.jpg,Supplemental
488-1,1 x 1 Bricks with Letters (System),1966,44,https://cdn.rebrickable.com/media/sets/488-1.jpg,Supplemental
051-1,Assorted Basic Bricks - Red,1966,50,https://cdn.rebrickable.com/media/sets/051-1.jpg,Supplemental
052-1,Assorted Basic Bricks - White,1966,50,https://cdn.rebrickable.com/media/sets/052-1.jpg,Supplemental
053-1,Assorted Basic Bricks - Blue,1966,50,https://cdn.rebrickable.com/media/sets/053-1.jpg,Supplemental
054-1,Assorted Basic Bricks - Yellow,1966,50,https://cdn.rebrickable.com/media/sets/054-1.jpg,Supplemental
434-1,50 lettered bricks (The Building Toy),1966,50,https://cdn.rebrickable.com/media/sets/434-1.jpg,Supplemental
437-1,50 numbered bricks (The Building Toy),1966,50,https://cdn.rebrickable.com/media/sets/437-1.jpg,Supplemental
460-2R,"1 x 2 x 3 Doors Refill, Red",1966,50,https://cdn.rebrickable.com/media/sets/460-2r.jpg,Supplemental
460-2W,"1 x 2 x 3 Doors Refill, White",1966,50,https://cdn.rebrickable.com/media/sets/460-2w.jpg,Supplemental
471-1,Tiles (System),1966,52,https://cdn.rebrickable.com/media/sets/471-1.jpg,Supplemental
333-3,Delivery Truck,1966,68,https://cdn.rebrickable.com/media/sets/333-3.jpg,Vehicle
112-2,Locomotive with Motor,1966,74,https://cdn.rebrickable.com/media/sets/112-2.jpg,4.5V
114-2,Small Train Set,1966,88,https://cdn.rebrickable.com/media/sets/114-2.jpg,4.5V
99-1,Gift Set,1966,94,https://cdn.rebrickable.com/media/sets/99-1.jpg,Basic Set
325-3,Shell Service Station,1966,101,https://cdn.rebrickable.com/media/sets/325-3.jpg,Building
111-2,Starter Train Set without Motor,1966,118,https://cdn.rebrickable.com/media/sets/111-2.jpg,4.5V
120-2,Small Basic Set,1966,121,https://cdn.rebrickable.com/media/sets/120-2.jpg,Basic Set
115-2,Starter Train Set with Motor,1966,132,https://cdn.rebrickable.com/media/sets/115-2.jpg,4.5V
313-1,London Bus,1966,140,https://cdn.rebrickable.com/media/sets/313-1.jpg,Vehicle
021-1,Wheel Set,1966,183,https://cdn.rebrickable.com/media/sets/021-1.jpg,Basic Set
205-3,Basic Set,1966,209,https://cdn.rebrickable.com/media/sets/205-3.jpg,Basic Set
285-1,Medium Basic Set,1966,288,https://cdn.rebrickable.com/media/sets/285-1.jpg,Basic Set
113-2,Motorized Train Set,1966,334,https://cdn.rebrickable.com/media/sets/113-2.jpg,4.5V
375-1,Deluxe Basic Set,1966,383,https://cdn.rebrickable.com/media/sets/375-1.jpg,Basic Set
003-1,Master Mechanic Set,1966,403,https://cdn.rebrickable.com/media/sets/003-1.jpg,Basic Set
240-1,"Wooden Storage Box Large, Empty",1967,0,https://cdn.rebrickable.com/media/sets/240-1.jpg,System
005-2,Discovery Set,1967,0,https://cdn.rebrickable.com/media/sets/005-2.jpg,Basic Set
240-2,Idea Book,1967,1,https://cdn.rebrickable.com/media/sets/240-2.jpg,Books
890-2,"Lockable Storage Box, Empty",1967,1,https://cdn.rebrickable.com/media/sets/890-2.jpg,Storage
154-1,Switch Track - 1 Right and 1 Left,1967,4,https://cdn.rebrickable.com/media/sets/154-1.jpg,4.5V
403-2,Train Couplers and Wheels (The Building Toy),1967,12,https://cdn.rebrickable.com/media/sets/403-2.jpg,Supplemental
404-3,Wheels for Motor (The Building Toy),1967,12,https://cdn.rebrickable.com/media/sets/404-3.jpg,Supplemental
404-4,Wheels for the Motor (System),1967,12,https://cdn.rebrickable.com/media/sets/404-4.jpg,Supplemental
155-1,"2 Cross Rails, 8 Straight Tracks, 4 Base Plates",1967,14,https://cdn.rebrickable.com/media/sets/155-1.jpg,4.5V
494-1,"Gates and Fence, Red (System)",1967,17,https://cdn.rebrickable.com/media/sets/494-1.jpg,Supplemental
494-2,"Gates and Fence, White (The Building Toy)",1967,17,https://cdn.rebrickable.com/media/sets/494-2.jpg,Supplemental
2-May,Velveeta Set No. 5,1967,20,https://cdn.rebrickable.com/media/sets/5-2.jpg,Supplemental
328-2,Biplane,1967,44,https://cdn.rebrickable.com/media/sets/328-2.jpg,Vehicle
331-1,Dump Truck,1967,45,https://cdn.rebrickable.com/media/sets/331-1.jpg,Vehicle
332-1,Tow Truck,1967,56,https://cdn.rebrickable.com/media/sets/332-1.jpg,Vehicle
333-2,Delivery Truck,1967,68,https://cdn.rebrickable.com/media/sets/333-2.jpg,Vehicle
334-1,Truck with Flatbed,1967,72,https://cdn.rebrickable.com/media/sets/334-1.jpg,Vehicle
3-Jan,Velveeta Set No. 1,1967,74,https://cdn.rebrickable.com/media/sets/1-3.jpg,Basic Set
117-1,Locomotive without Motor,1967,99,https://cdn.rebrickable.com/media/sets/117-1.jpg,4.5V
335-2,Transport Truck,1967,99,https://cdn.rebrickable.com/media/sets/335-2.jpg,Vehicle
335-3,Transport Truck,1967,99,https://cdn.rebrickable.com/media/sets/335-3.jpg,Vehicle
329-1,Antique Car,1967,111,https://cdn.rebrickable.com/media/sets/329-1.jpg,Vehicle
343-2,Ferry,1967,147,https://cdn.rebrickable.com/media/sets/343-2.jpg,Vehicle
2-Apr,Velveeta Set No. 4 with Carrying Case,1967,283,https://cdn.rebrickable.com/media/sets/4-2.jpg,Basic Set
371-2,Motorized Truck Set,1967,314,https://cdn.rebrickable.com/media/sets/371-2.jpg,Other
116-1,Starter Train Set with Motor,1967,362,https://cdn.rebrickable.com/media/sets/116-1.jpg,4.5V
080-1,Basic Building Set with Train,1967,712,https://cdn.rebrickable.com/media/sets/080-1.jpg,Basic Set
080-2,Ambassador Set,1967,712,https://cdn.rebrickable.com/media/sets/080-2.jpg,Basic Set
239-2,Das groÃe Lego-Buch Idea Book,1968,0,https://cdn.rebrickable.com/media/sets/239-2.jpg,Books
235-2,Garage Plate and Door (Gray Base and Door Frame),1968,5,https://cdn.rebrickable.com/media/sets/235-2.jpg,Supplemental
156-1,2 Signals with Automatic Stop / Go Attachment,1968,6,https://cdn.rebrickable.com/media/sets/156-1.jpg,4.5V
160-1,Magnetic Couplings,1968,6,https://cdn.rebrickable.com/media/sets/160-1.jpg,4.5V
502-2,Pre-School Medium Set,1968,8,https://cdn.rebrickable.com/media/sets/502-2.jpg,Jumbo Bricks
503-2,Pre-School Large Set,1968,16,https://cdn.rebrickable.com/media/sets/503-2.jpg,Jumbo Bricks
102-1,4.5V Motor Set,1968,24,https://cdn.rebrickable.com/media/sets/102-1.jpg,4.5V
331-2,Dump Truck,1968,45,https://cdn.rebrickable.com/media/sets/331-2.jpg,Vehicle
315-4,European Taxi,1968,48,https://cdn.rebrickable.com/media/sets/315-4.jpg,Vehicle
316-3,Farm Tractor,1968,49,https://cdn.rebrickable.com/media/sets/316-3.jpg,Vehicle
332-2,Tow Truck,1968,56,https://cdn.rebrickable.com/media/sets/332-2.jpg,Vehicle
236-3,Garage with Automatic Door (Gray base and door frame),1968,59,https://cdn.rebrickable.com/media/sets/236-3.jpg,Town Plan
060-3,Jumbo Brick School Set,1968,60,https://cdn.rebrickable.com/media/sets/060-3.jpg,Jumbo Bricks
330-3,Jeep,1968,65,https://cdn.rebrickable.com/media/sets/330-3.jpg,Vehicle
330-4,Jeep,1968,65,https://cdn.rebrickable.com/media/sets/330-4.jpg,Vehicle
334-2,SEMI-Trailer Truck,1968,72,https://cdn.rebrickable.com/media/sets/334-2.jpg,Vehicle
340-3,Railroad Control Tower,1968,74,https://cdn.rebrickable.com/media/sets/340-3.jpg,Building
319-2,Truck with Trailer,1968,74,https://cdn.rebrickable.com/media/sets/319-2.jpg,Vehicle
336-1,Fire Engine,1968,76,https://cdn.rebrickable.com/media/sets/336-1.jpg,Vehicle
010-3,Basic Building Set,1968,77,https://cdn.rebrickable.com/media/sets/010-3.jpg,Basic Set
118-1,Electronic Train,1968,103,https://cdn.rebrickable.com/media/sets/118-1.jpg,4.5V
022-1,Basic Building Set,1968,110,https://cdn.rebrickable.com/media/sets/022-1.jpg,Basic Set
329-3,Antique Car,1968,111,https://cdn.rebrickable.com/media/sets/329-3.jpg,Vehicle
118-2,Small Train Set,1968,117,https://cdn.rebrickable.com/media/sets/118-2.jpg,4.5V
320-3,Two-Engine Plane,1968,120,https://cdn.rebrickable.com/media/sets/320-3.jpg,Vehicle
341-1,Warehouse,1968,123,https://cdn.rebrickable.com/media/sets/341-1.jpg,Building
341-3,Warehouse (USA/CAN Version),1968,123,https://cdn.rebrickable.com/media/sets/341-3.jpg,Building
317-3,Truck,1968,125,https://cdn.rebrickable.com/media/sets/317-3.jpg,Vehicle
011-1,Basic Building Set,1968,145,https://cdn.rebrickable.com/media/sets/011-1.jpg,Basic Set
343-1,Train Ferry,1968,147,https://cdn.rebrickable.com/media/sets/343-1.jpg,Vehicle
033-2,Basic Building Set,1968,177,https://cdn.rebrickable.com/media/sets/033-2.jpg,Basic Set
342-1,Station,1968,191,https://cdn.rebrickable.com/media/sets/342-1.jpg,Building
342-2,Terminal Building,1968,191,https://cdn.rebrickable.com/media/sets/342-2.jpg,Building
223-1,Adventure Set,1968,223,https://cdn.rebrickable.com/media/sets/223-1.jpg,Basic Set
044-1,Basic Building Set,1968,225,https://cdn.rebrickable.com/media/sets/044-1.jpg,Basic Set
055-2,Basic Building Set,1968,256,https://cdn.rebrickable.com/media/sets/055-2.jpg,Basic Set
116-2,Deluxe Motorized Train Set,1968,364,https://cdn.rebrickable.com/media/sets/116-2.jpg,4.5V
119-1,Super Train Set,1968,401,https://cdn.rebrickable.com/media/sets/119-1.jpg,4.5V
066-1,Basic Building Set,1968,407,https://cdn.rebrickable.com/media/sets/066-1.jpg,Basic Set
241-1,4.5v Idea Book,1969,0,https://cdn.rebrickable.com/media/sets/241-1.jpg,Books
703-1,12V Replacement Electric Motor,1969,1,https://cdn.rebrickable.com/media/sets/703-1.jpg,12V
740-2,12V Transformer for 220V Pack,1969,1,https://cdn.rebrickable.com/media/sets/740-2.jpg,12V
101-1,4.5V Battery Case,1969,1,https://cdn.rebrickable.com/media/sets/101-1.jpg,4.5V
986-1,One Light Bulb,1969,1,https://cdn.rebrickable.com/media/sets/986-1.jpg,Supplemental
704-1,12V Sleeper (Track) Contacts for Old Motor Type I and II,1969,2,https://cdn.rebrickable.com/media/sets/704-1.jpg,12V
706-1,12V Rail Contact Wire with Transformer Connector,1969,2,https://cdn.rebrickable.com/media/sets/706-1.jpg,12V
705-1,Motor Bushings,1969,4,https://cdn.rebrickable.com/media/sets/705-1.jpg,12V
050-2,Lighting Device Pack,1969,4,https://cdn.rebrickable.com/media/sets/050-2.jpg,Supplemental
985-1,Lighting Device Parts Pack,1969,4,https://cdn.rebrickable.com/media/sets/985-1.jpg,Supplemental
902-1,5 Turntables,1969,5,https://cdn.rebrickable.com/media/sets/902-1.jpg,Supplemental
6415549-1,French Minifigure Key Light,2023,0,https://cdn.rebrickable.com/media/sets/6415549-1.jpg,Key Chain
854234-1,Chilli Girl Key Chain,2023,0,https://cdn.rebrickable.com/media/sets/854234-1.jpg,Key Chain
854235-1,Batman Keyring,2023,0,https://cdn.rebrickable.com/media/sets/854235-1.jpg,Key Chain
854236-1,Darth Vader Key Chain,2023,0,https://cdn.rebrickable.com/media/sets/854236-1.jpg,Key Chain
854238-1,Harley Quinn Keyring,2023,0,https://cdn.rebrickable.com/media/sets/854238-1.jpg,Key Chain
854239-1,Sonic the Hedgehog Key Chain,2023,0,https://cdn.rebrickable.com/media/sets/854239-1.jpg,Key Chain
854240-1,Iron Man Key Chain,2023,0,https://cdn.rebrickable.com/media/sets/854240-1.jpg,Key Chain
854241-1,Scarlet Witch Key Chain,2023,0,https://cdn.rebrickable.com/media/sets/854241-1.jpg,Key Chain
854242-1,Creeper Key Chain,2023,0,https://cdn.rebrickable.com/media/sets/854242-1.jpg,Key Chain
854243-1,Steve Key Chain,2023,0,https://cdn.rebrickable.com/media/sets/854243-1.jpg,Key Chain
854244-1,Piglin Key Chain,2023,0,https://cdn.rebrickable.com/media/sets/854244-1.jpg,Key Chain
854245-1,Fennec Shand Key Chain,2023,0,https://cdn.rebrickable.com/media/sets/854245-1.jpg,Key Chain
854246-1,Scout Trooper Key Chain,2023,0,https://cdn.rebrickable.com/media/sets/854246-1.jpg,Key Chain
5007911-1,Animal Fans' Bundle,2023,0,https://cdn.rebrickable.com/media/sets/5007911-1.jpg,Value Packs
5007912-1,Artist Bundle,2023,0,https://cdn.rebrickable.com/media/sets/5007912-1.jpg,Value Packs
5007913-1,Super Bundle,2023,0,https://cdn.rebrickable.com/media/sets/5007913-1.jpg,Value Packs
21342-1,The Insect Collection,2023,0,https://cdn.rebrickable.com/media/sets/21342-1.jpg,LEGO Ideas and CUUSOO
5007869-1,Portable Cassette Player,2023,0,https://cdn.rebrickable.com/media/sets/5007869-1.jpg,Promotional
43230-1,Walt Disney Tribute Camera,2023,0,https://cdn.rebrickable.com/media/sets/43230-1.jpg,Disney
43232-1,Peter Pan & Wendy's Flight over London,2023,0,https://cdn.rebrickable.com/media/sets/43232-1.jpg,Disney
5008116-1,Magic Bundle,2023,0,https://cdn.rebrickable.com/media/sets/5008116-1.jpg,Disney
40625-2,Signed Llama,2023,0,https://cdn.rebrickable.com/media/sets/40625-2.jpg,Brickheadz
40627-1,Sonic the Hedgehog,2023,0,https://cdn.rebrickable.com/media/sets/40627-1.jpg,Brickheadz
40628-1,"Miles ""Tails"" Prower",2023,0,https://cdn.rebrickable.com/media/sets/40628-1.jpg,Brickheadz
66745-1,Classic Value Pack,2023,0,https://cdn.rebrickable.com/media/sets/66745-1.jpg,Classic
5008115-1,Princess Bundle,2023,0,https://cdn.rebrickable.com/media/sets/5008115-1.jpg,Disney Princess
5007586-1,Rabbit,2023,0,https://cdn.rebrickable.com/media/sets/5007586-1.jpg,Chinese Traditional Festivals
5007914-1,Mega Bundle,2023,0,https://cdn.rebrickable.com/media/sets/5007914-1.jpg,DOTS
66749-1,Character Pack Series 6 - Box of 4 Packs,2023,0,https://cdn.rebrickable.com/media/sets/66749-1.jpg,Super Mario
71413-0,Character Pack Series 6 - Random Pack,2023,0,https://cdn.rebrickable.com/media/sets/71413-0.jpg,Super Mario
71413-10,Character Pack Series 6 - Sealed Box,2023,0,https://cdn.rebrickable.com/media/sets/71413-10.jpg,Super Mario
71413-9,Character Pack Series 6 - Complete Series,2023,0,https://cdn.rebrickable.com/media/sets/71413-9.jpg,Super Mario
978832541404-1,DC Comics Super Heroes: Time to play! Robin,2023,0,https://cdn.rebrickable.com/media/sets/978832541404-1.jpg,Super Heroes DC
5008117-1,Hero Bundle,2023,0,https://cdn.rebrickable.com/media/sets/5008117-1.jpg,Super Heroes Marvel
76232-1,The Hoopty,2023,0,https://cdn.rebrickable.com/media/sets/76232-1.jpg,Super Heroes Marvel
76418-1,Harry Potter Advent Calendar 2023,2023,0,https://cdn.rebrickable.com/media/sets/76418-1.jpg,Harry Potter
71039-9,Echo,2023,0,https://cdn.rebrickable.com/media/sets/71039-9.jpg,Marvel Series 1
010423-1,The Majestic Horse,2023,0,https://cdn.rebrickable.com/media/sets/010423-1.jpg,Icons
10318-1,Concorde,2023,0,https://cdn.rebrickable.com/media/sets/10318-1.jpg,Icons
5007843-1,Lloyd Bag Charm,2023,0,https://cdn.rebrickable.com/media/sets/5007843-1.jpg,Bag and Luggage Tags
5007846-1,Cole Bag Charm,2023,0,https://cdn.rebrickable.com/media/sets/5007846-1.jpg,Bag and Luggage Tags
5007847-1,Kai Bag Charm,2023,0,https://cdn.rebrickable.com/media/sets/5007847-1.jpg,Bag and Luggage Tags
6415550-1,French Minifigure Bag Tag,2023,0,https://cdn.rebrickable.com/media/sets/6415550-1.jpg,Bag and Luggage Tags
5007788-1,Hydration Bottle - Discovery,2023,0,https://cdn.rebrickable.com/media/sets/5007788-1.jpg,Houseware
5007874-1,Minifigure Ceramic Mug (Silly 530ml),2023,0,https://cdn.rebrickable.com/media/sets/5007874-1.jpg,Houseware
5007875-1,Minifigure Ceramic Mug (Boy 530ml),2023,0,https://cdn.rebrickable.com/media/sets/5007875-1.jpg,Houseware
5007876-1,Minifigure Ceramic Mug (Girl Winking 530ml),2023,0,https://cdn.rebrickable.com/media/sets/5007876-1.jpg,Houseware
5007877-1,Minifigure Ceramic Mug (Happy Boy 530ml),2023,0,https://cdn.rebrickable.com/media/sets/5007877-1.jpg,Houseware
5007882-1,Harry Potter Hogwarts Lunch Set,2023,0,https://cdn.rebrickable.com/media/sets/5007882-1.jpg,Houseware
5007890-1,Harry Potter Gryffindor Lunch Box,2023,0,https://cdn.rebrickable.com/media/sets/5007890-1.jpg,Houseware
5007891-1,Harry Potter Hogwarts Lunch Box,2023,0,https://cdn.rebrickable.com/media/sets/5007891-1.jpg,Houseware
5007892-1,Harry Potter Gryffindor Drink Bottle,2023,0,https://cdn.rebrickable.com/media/sets/5007892-1.jpg,Houseware
5007893-1,Harry Potter Hogwarts Drink Bottle,2023,0,https://cdn.rebrickable.com/media/sets/5007893-1.jpg,Houseware
5007894-1,Harry Potter Gryffindor Lunch Set,2023,0,https://cdn.rebrickable.com/media/sets/5007894-1.jpg,Houseware
5711938247690-1,Minifigure Ceramic Mug (Boy 255ml),2023,0,https://cdn.rebrickable.com/media/sets/5711938247690-1.jpg,Houseware
5711938247713-1,Minifigure Ceramic Mug (Silly 255ml),2023,0,https://cdn.rebrickable.com/media/sets/5711938247713-1.jpg,Houseware
5711938247720-1,Minifigure Ceramic Mug (Winking 255ml),2023,0,https://cdn.rebrickable.com/media/sets/5711938247720-1.jpg,Houseware
5711938247751-1,Minifigure Ceramic Mug (Happy Boy 255ml),2023,0,https://cdn.rebrickable.com/media/sets/5711938247751-1.jpg,Houseware
5711938247942-1,Minifigure Ceramic Mug (Skeleton 530ml),2023,0,https://cdn.rebrickable.com/media/sets/5711938247942-1.jpg,Houseware
5711938247966-1,Minifigure Ceramic Mug (Skeleton 255ml),2023,0,https://cdn.rebrickable.com/media/sets/5711938247966-1.jpg,Houseware
5711938247973-1,Minifigure Ceramic Mug (Green Skeleton 255ml),2023,0,https://cdn.rebrickable.com/media/sets/5711938247973-1.jpg,Houseware
5007692-1,1965 Retro Art Print,2023,0,https://cdn.rebrickable.com/media/sets/5007692-1.jpg,Posters and Art Prints
5007797-1,Botanical Collection Art Print â Blueprint,2023,0,https://cdn.rebrickable.com/media/sets/5007797-1.jpg,Posters and Art Prints
5007798-1,Botanical Collection Art Print â Bouquet,2023,0,https://cdn.rebrickable.com/media/sets/5007798-1.jpg,Posters and Art Prints
5007799-1,Botanical Collection Art Print â Wildflower Bouquet,2023,0,https://cdn.rebrickable.com/media/sets/5007799-1.jpg,Posters and Art Prints
5007908-1,X-Wing Poster,2023,0,https://cdn.rebrickable.com/media/sets/5007908-1.jpg,Posters and Art Prints
854258-1,Crossing Katanas with Sheath,2023,0,https://cdn.rebrickable.com/media/sets/854258-1.jpg,Role Play Toys and Costumes
854259-1,Golden Sword,2023,0,https://cdn.rebrickable.com/media/sets/854259-1.jpg,Role Play Toys and Costumes
854260-1,Skeleton Sword,2023,0,https://cdn.rebrickable.com/media/sets/854260-1.jpg,Role Play Toys and Costumes
854261-1,Imperium Sword,2023,0,https://cdn.rebrickable.com/media/sets/854261-1.jpg,Role Play Toys and Costumes
QXI6039-1,Hallmark Keepsake Christmas Tree Ornament - Quidditch Seeker Harry Potter,2023,0,https://cdn.rebrickable.com/media/sets/qxi6039-1.jpg,Seasonal
QXI7079-1,Hallmark Keepsake Christmas Tree Ornament - Star Wars The Mandalorian and Grogu,2023,0,https://cdn.rebrickable.com/media/sets/qxi7079-1.jpg,Seasonal
QXI7329-1,Hallmark Keepsake Christmas Tree Ornament - Gingerbread Woman,2023,0,https://cdn.rebrickable.com/media/sets/qxi7329-1.jpg,Seasonal
5007576-1,Botanical Collection VIP Wrapping Paper,2023,0,https://cdn.rebrickable.com/media/sets/5007576-1.jpg,Stationery and Office Supplies
5007789-1,Friends Best Friends Notebook,2023,0,https://cdn.rebrickable.com/media/sets/5007789-1.jpg,Stationery and Office Supplies
5007800-1,Brick Pen,2023,0,https://cdn.rebrickable.com/media/sets/5007800-1.jpg,Stationery and Office Supplies
5007801-1,Friends Journal,2023,0,https://cdn.rebrickable.com/media/sets/5007801-1.jpg,Stationery and Office Supplies
5007803-1,Foldable Pencil Case,2023,0,https://cdn.rebrickable.com/media/sets/5007803-1.jpg,Stationery and Office Supplies
5007865-1,City Notebook,2023,0,https://cdn.rebrickable.com/media/sets/5007865-1.jpg,Stationery and Office Supplies
5007896-1,Ninjago Notebook,2023,0,https://cdn.rebrickable.com/media/sets/5007896-1.jpg,Stationery and Office Supplies
5007897-1,Harry Potter Notebook,2023,0,https://cdn.rebrickable.com/media/sets/5007897-1.jpg,Stationery and Office Supplies
5007900-1,Dynamite Special Postcards and Stickers,2023,0,https://cdn.rebrickable.com/media/sets/5007900-1.jpg,Stationery and Office Supplies
5060373575012-1,City Notebook,2023,0,https://cdn.rebrickable.com/media/sets/5060373575012-1.jpg,Stationery and Office Supplies
52932-1,UK Policeman Notebook with Pen,2023,0,https://cdn.rebrickable.com/media/sets/52932-1.jpg,Stationery and Office Supplies
5006261-1,Storage Big Bucket,2023,0,https://cdn.rebrickable.com/media/sets/5006261-1.jpg,Storage
5007887-1,Sorting Box with Harry Potter Print,2023,0,https://cdn.rebrickable.com/media/sets/5007887-1.jpg,Storage
5008080-1,Storage Head Mini (Skeleton Skull),2023,0,https://cdn.rebrickable.com/media/sets/5008080-1.jpg,Storage
5008081-1,Storage Head Mini (Sand Green Skeleton),2023,0,https://cdn.rebrickable.com/media/sets/5008081-1.jpg,Storage
5008082-1,Storage Head Mini (Pumpkin),2023,0,https://cdn.rebrickable.com/media/sets/5008082-1.jpg,Storage
5711938248468-1,Storage Brick Multi-Pack,2023,0,https://cdn.rebrickable.com/media/sets/5711938248468-1.jpg,Storage
5007851-1,Brick Botanicals Puzzle,2023,0,https://cdn.rebrickable.com/media/sets/5007851-1.jpg,Tabletop Games and Puzzles
5008036-1,Pack of 2 Play Unstoppable Trading Cards,2023,0,https://cdn.rebrickable.com/media/sets/5008036-1.jpg,Tabletop Games and Puzzles
GAME-1,90 Years of Play Card Game,2023,0,https://cdn.rebrickable.com/media/sets/game-1.jpg,Tabletop Games and Puzzles
5007919-1,2K Drive Awesome Edition â PlayStation 4,2023,0,https://cdn.rebrickable.com/media/sets/5007919-1.jpg,Video Games and Accessories
5007923-1,2K Drive Awesome Edition â PlayStation 5,2023,0,https://cdn.rebrickable.com/media/sets/5007923-1.jpg,Video Games and Accessories
5007927-1,"2K Drive Awesome Edition â Xbox Series X/S, Xbox One",2023,0,https://cdn.rebrickable.com/media/sets/5007927-1.jpg,Video Games and Accessories
5007934-1,2K Drive Awesome Edition â Nintendo Switch,2023,0,https://cdn.rebrickable.com/media/sets/5007934-1.jpg,Video Games and Accessories
66733-1,Series 24 - 6 pack,2023,0,https://cdn.rebrickable.com/media/sets/66733-1.jpg,Series 24 Minifigures
71037-0,Series 24 - Random Bag,2023,0,https://cdn.rebrickable.com/media/sets/71037-0.jpg,Series 24 Minifigures
71037-13,Series 24 - Complete - All Sets,2023,0,https://cdn.rebrickable.com/media/sets/71037-13.jpg,Series 24 Minifigures
71037-14,Series 24 - Sealed Box,2023,0,https://cdn.rebrickable.com/media/sets/71037-14.jpg,Series 24 Minifigures
6446154-1,Disney 100 CMF - Sealed Box,2023,0,https://cdn.rebrickable.com/media/sets/6446154-1.jpg,Disney 100
66734-1,Disney 100 Series 6 Pack,2023,0,https://cdn.rebrickable.com/media/sets/66734-1.jpg,Disney 100
71038-0,Disney 100 Series - Random Bag,2023,0,https://cdn.rebrickable.com/media/sets/71038-0.jpg,Disney 100
71038-19,Disney 100 Series - Complete - All Sets,2023,0,https://cdn.rebrickable.com/media/sets/71038-19.jpg,Disney 100
6485747-1,Bunchu M&T,2023,0,https://cdn.rebrickable.com/media/sets/6485747-1.jpg,Dreamzzz
66735-1,Marvel Series 2 - Sealed Box 6,2023,0,https://cdn.rebrickable.com/media/sets/66735-1.jpg,Marvel Series 2
71039-0,Marvel Series 2 - Random Box,2023,0,https://cdn.rebrickable.com/media/sets/71039-0.jpg,Marvel Series 2
71039-1,Agatha Harkness,2023,0,https://cdn.rebrickable.com/media/sets/71039-1.jpg,Marvel Series 2
71039-10,Beast,2023,0,https://cdn.rebrickable.com/media/sets/71039-10.jpg,Marvel Series 2
71039-11,Storm,2023,0,https://cdn.rebrickable.com/media/sets/71039-11.jpg,Marvel Series 2
71039-12,Wolverine,2023,0,https://cdn.rebrickable.com/media/sets/71039-12.jpg,Marvel Series 2
71039-13,Marvel Series 2 - Complete - All Sets,2023,0,https://cdn.rebrickable.com/media/sets/71039-13.jpg,Marvel Series 2
71039-14,Marvel Series 2 - Sealed Box 36,2023,0,https://cdn.rebrickable.com/media/sets/71039-14.jpg,Marvel Series 2
71039-2,Moon Knight,2023,0,https://cdn.rebrickable.com/media/sets/71039-2.jpg,Marvel Series 2
71039-3,Mr. Knight,2023,0,https://cdn.rebrickable.com/media/sets/71039-3.jpg,Marvel Series 2
71039-4,The Werewolf,2023,0,https://cdn.rebrickable.com/media/sets/71039-4.jpg,Marvel Series 2
71039-5,She-Hulk,2023,0,https://cdn.rebrickable.com/media/sets/71039-5.jpg,Marvel Series 2
71039-6,Hawkeye,2023,0,https://cdn.rebrickable.com/media/sets/71039-6.jpg,Marvel Series 2
71039-7,Kate Bishop,2023,0,https://cdn.rebrickable.com/media/sets/71039-7.jpg,Marvel Series 2
71039-8,Goliath,2023,0,https://cdn.rebrickable.com/media/sets/71039-8.jpg,Marvel Series 2
912309-1,Stormtrooper,2023,1,https://cdn.rebrickable.com/media/sets/912309-1.jpg,Star Wars
9788325341367-1,Star Wars: ZostaÅ Bohaterem Galaktyki,2023,1,https://cdn.rebrickable.com/media/sets/9788325341367-1.jpg,Star Wars
5007547-1,I [Heart] LEGO Store Munich Tile,2023,1,https://cdn.rebrickable.com/media/sets/5007547-1.jpg,LEGO Brand Store
6476269-1,I [Heart] LEGO Store Battersea Tile,2023,1,https://cdn.rebrickable.com/media/sets/6476269-1.jpg,LEGO Brand Store
9781780559483-1,Official Annual 2024,2023,1,https://cdn.rebrickable.com/media/sets/9781780559483-1.jpg,Books
854237-1,Dark Blue Brick Key Chain,2023,1,https://cdn.rebrickable.com/media/sets/854237-1.jpg,Key Chain
97839608069899-1,City: Ein Tag voller Freude,2023,2,https://cdn.rebrickable.com/media/sets/97839608069899-1.jpg,Books
472302-1,Fireman,2023,2,https://cdn.rebrickable.com/media/sets/472302-1.jpg,Duplo
242319-1,Groot,2023,2,https://cdn.rebrickable.com/media/sets/242319-1.jpg,Avengers
9783960806707-1,Harry Potter: RÃ¤tselspass fÃ¼r Geniale Zauberer,2023,4,https://cdn.rebrickable.com/media/sets/9783960806707-1.jpg,Books
912303-1,212th Clone Trooper,2023,5,https://cdn.rebrickable.com/media/sets/912303-1.jpg,Star Wars
912307-1,Scout Trooper,2023,5,https://cdn.rebrickable.com/media/sets/912307-1.jpg,Star Wars
9788325342623-1,"DC Comics Super Heroes: StrzeÅ¼cie siÄ, zÅoczyÅcy!",2023,5,https://cdn.rebrickable.com/media/sets/9788325342623-1.jpg,Books
71038-1,Oswald the Lucky Rabbit,2023,5,https://cdn.rebrickable.com/media/sets/71038-1.jpg,Disney 100
892305-1,Aspheera,2023,6,https://cdn.rebrickable.com/media/sets/892305-1.jpg,Ninjago
9780744081756-1,Harry Potter: Character Encyclopedia,2023,6,https://cdn.rebrickable.com/media/sets/9780744081756-1.jpg,Books
9781780559490-1,Harry Potter: Official Yearbook 2024,2023,6,https://cdn.rebrickable.com/media/sets/9781780559490-1.jpg,Books
9781780559506-1,Star Wars: Official Annual 2024,2023,6,https://cdn.rebrickable.com/media/sets/9781780559506-1.jpg,Books
9781780559551-1,Friends: Make New Friends,2023,6,https://cdn.rebrickable.com/media/sets/9781780559551-1.jpg,Books
9781780559568-1,Dreamzzz: Dream Crafters,2023,6,https://cdn.rebrickable.com/media/sets/9781780559568-1.jpg,Books
9788325340599-1,Time to play!,2023,6,https://cdn.rebrickable.com/media/sets/9788325340599-1.jpg,Books
9788325341978-1,Jurassic World: Åwiat peÅen dinozaurÃ³w,2023,6,https://cdn.rebrickable.com/media/sets/9788325341978-1.jpg,Books
9788325342661-1,Dreamzzz: Åwiat SnÃ³w,2023,6,https://cdn.rebrickable.com/media/sets/9788325342661-1.jpg,Books
242318-1,Mighty Thor,2023,6,https://cdn.rebrickable.com/media/sets/242318-1.jpg,Avengers
5007884-1,Play and Display Case Harry Potter,2023,6,https://cdn.rebrickable.com/media/sets/5007884-1.jpg,Storage
71037-10,Rococo Aristocrat,2023,6,https://cdn.rebrickable.com/media/sets/71037-10.jpg,Series 24 Minifigures
71037-6,T-Rex Costume Fan,2023,6,https://cdn.rebrickable.com/media/sets/71037-6.jpg,Series 24 Minifigures
71038-10,Ernesto De La Cruz,2023,6,https://cdn.rebrickable.com/media/sets/71038-10.jpg,Disney 100
71038-16,Experiment 626 Stitch,2023,6,https://cdn.rebrickable.com/media/sets/71038-16.jpg,Disney 100
71038-2,Pinocchio,2023,6,https://cdn.rebrickable.com/media/sets/71038-2.jpg,Disney 100
912305-1,Obi-Wan Kenobi,2023,7,https://cdn.rebrickable.com/media/sets/912305-1.jpg,Star Wars
34607703-1,Jurassic World: Rainn Delacourt - Time to play!,2023,7,https://cdn.rebrickable.com/media/sets/34607703-1.jpg,Books
9781780559520-1,DC Comics Super Heroes: Batman vs Harley Quinn,2023,7,https://cdn.rebrickable.com/media/sets/9781780559520-1.jpg,Books
9788325341343-1,Jurassic World: ZostaÅ Treserem DonozaurÃ³w,2023,7,https://cdn.rebrickable.com/media/sets/9788325341343-1.jpg,Jurassic World
212327-1,The Joker,2023,7,https://cdn.rebrickable.com/media/sets/212327-1.jpg,Batman
9788325341374-1,DC Comics Super Heroes: ZostaÅ Superbohaterem,2023,7,https://cdn.rebrickable.com/media/sets/9788325341374-1.jpg,Batman
71037-11,Rockin' Horse Rider,2023,7,https://cdn.rebrickable.com/media/sets/71037-11.jpg,Series 24 Minifigures
71037-8,Conservationist,2023,7,https://cdn.rebrickable.com/media/sets/71037-8.jpg,Series 24 Minifigures
71038-14,Robin Hood,2023,7,https://cdn.rebrickable.com/media/sets/71038-14.jpg,Disney 100
71038-15,Prince John,2023,7,https://cdn.rebrickable.com/media/sets/71038-15.jpg,Disney 100
71038-3,Jiminy Cricket,2023,7,https://cdn.rebrickable.com/media/sets/71038-3.jpg,Disney 100
71038-8,Aurora,2023,7,https://cdn.rebrickable.com/media/sets/71038-8.jpg,Disney 100
912302-1,Bo-Katan Kryze,2023,8,https://cdn.rebrickable.com/media/sets/912302-1.jpg,Star Wars
9788325341466-1,Harry Potter: The Sorting Ceremony,2023,8,https://cdn.rebrickable.com/media/sets/9788325341466-1.jpg,Books
71037-1,Football Referee,2023,8,https://cdn.rebrickable.com/media/sets/71037-1.jpg,Series 24 Minifigures
71037-12,Newspaper Kid,2023,8,https://cdn.rebrickable.com/media/sets/71037-12.jpg,Series 24 Minifigures
71037-4,Carrot Mascot,2023,8,https://cdn.rebrickable.com/media/sets/71037-4.jpg,Series 24 Minifigures
71037-5,Falconer,2023,8,https://cdn.rebrickable.com/media/sets/71037-5.jpg,Series 24 Minifigures
71038-13,Cruella de Vil,2023,8,https://cdn.rebrickable.com/media/sets/71038-13.jpg,Disney 100
71038-4,Sorcerer's Apprentice Mickey,2023,8,https://cdn.rebrickable.com/media/sets/71038-4.jpg,Disney 100
71038-5,Tiana,2023,8,https://cdn.rebrickable.com/media/sets/71038-5.jpg,Disney 100
71038-7,Queen of Hearts,2023,8,https://cdn.rebrickable.com/media/sets/71038-7.jpg,Disney 100
892307-1,Garmadon,2023,9,https://cdn.rebrickable.com/media/sets/892307-1.jpg,Ninjago
9788325342098-1,DC Comics Super Heroes: Mroczna przygoda,2023,9,https://cdn.rebrickable.com/media/sets/9788325342098-1.jpg,Books
30648-1,Whale,2023,9,https://cdn.rebrickable.com/media/sets/30648-1.jpg,Basic Set
242317-1,Doctor Strange,2023,9,https://cdn.rebrickable.com/media/sets/242317-1.jpg,Avengers
71038-11,Miguel Rivera,2023,9,https://cdn.rebrickable.com/media/sets/71038-11.jpg,Disney 100
71038-12,Pocahontas,2023,9,https://cdn.rebrickable.com/media/sets/71038-12.jpg,Disney 100
71038-17,Baymax,2023,9,https://cdn.rebrickable.com/media/sets/71038-17.jpg,Disney 100
71038-18,The Queen,2023,9,https://cdn.rebrickable.com/media/sets/71038-18.jpg,Disney 100
71038-6,Dr. Facilier,2023,9,https://cdn.rebrickable.com/media/sets/71038-6.jpg,Disney 100
71038-9,Mulan,2023,9,https://cdn.rebrickable.com/media/sets/71038-9.jpg,Disney 100
DATABASE-0,Unsorted Unused Parts Database Set,2023,9,https://cdn.rebrickable.com/media/sets/database-0.jpg,Database Sets
892303-1,Vangelis,2023,10,https://cdn.rebrickable.com/media/sets/892303-1.jpg,Ninjago
892308-1,Kai,2023,10,https://cdn.rebrickable.com/media/sets/892308-1.jpg,Ninjago
682303-1,Miles Morales,2023,10,https://cdn.rebrickable.com/media/sets/682303-1.jpg,Spider-Man
71037-3,Brown Astronaut and Spacebaby,2023,10,https://cdn.rebrickable.com/media/sets/71037-3.jpg,Series 24 Minifigures
71037-7,Orc,2023,10,https://cdn.rebrickable.com/media/sets/71037-7.jpg,Series 24 Minifigures
71037-9,Potter,2023,10,https://cdn.rebrickable.com/media/sets/71037-9.jpg,Series 24 Minifigures
60356-1,Bear Stunt Bike,2023,10,https://cdn.rebrickable.com/media/sets/60356-1.jpg,Stuntz
892309-1,Lord Ras,2023,11,https://cdn.rebrickable.com/media/sets/892309-1.jpg,Ninjago
3467702-1,Harry Potter. Time to play!,2023,11,https://cdn.rebrickable.com/media/sets/3467702-1.jpg,Books
10981-1,Growing Carrot,2023,11,https://cdn.rebrickable.com/media/sets/10981-1.jpg,Duplo
112323-1,Wu vs Ghost,2023,12,https://cdn.rebrickable.com/media/sets/112323-1.jpg,Ninjago
9781780559469-1,Star Wars: Scouting Time,2023,12,https://cdn.rebrickable.com/media/sets/9781780559469-1.jpg,Books
45495-1,Small Sorting Top Trays,2023,12,https://cdn.rebrickable.com/media/sets/45495-1.jpg,Supplemental
662303-1,Adventurer with Drowned and Axolotl,2023,12,https://cdn.rebrickable.com/media/sets/662303-1.jpg,Minecraft
112322-1,Zane vs Garmadon,2023,13,https://cdn.rebrickable.com/media/sets/112322-1.jpg,Ninjago
892306-1,Zane,2023,13,https://cdn.rebrickable.com/media/sets/892306-1.jpg,Ninjago
71037-2,Robot Warrior,2023,13,https://cdn.rebrickable.com/media/sets/71037-2.jpg,Series 24 Minifigures
60358-1,Cyber Stunt Bike,2023,13,https://cdn.rebrickable.com/media/sets/60358-1.jpg,Stuntz
112324-1,Kai vs. Bone King,2023,14,https://cdn.rebrickable.com/media/sets/112324-1.jpg,Ninjago
112325-1,Lloyd vs. Bone Warrior,2023,14,https://cdn.rebrickable.com/media/sets/112325-1.jpg,Ninjago
9783960807971-1,Dreamzzz: Die mutigen WÃ¤chter der TrÃ¤ume,2023,14,https://cdn.rebrickable.com/media/sets/9783960807971-1.jpg,Books
682305-1,Venom,2023,14,https://cdn.rebrickable.com/media/sets/682305-1.jpg,Spider-Man
9788325342005-1,Gramy!,2023,15,https://cdn.rebrickable.com/media/sets/9788325342005-1.jpg,Books
10987-1,Recycling Truck,2023,15,https://cdn.rebrickable.com/media/sets/10987-1.jpg,Duplo
892302-1,Golden Dragon Jay,2023,16,https://cdn.rebrickable.com/media/sets/892302-1.jpg,Ninjago
8710823007460-1,Een Doldwaze Zomer,2023,16,https://cdn.rebrickable.com/media/sets/8710823007460-1.jpg,Books
10988-1,The Bus Ride,2023,16,https://cdn.rebrickable.com/media/sets/10988-1.jpg,Duplo
45496-1,Medium Storage Bin (Yellow),2023,16,https://cdn.rebrickable.com/media/sets/45496-1.jpg,Supplemental
10985-1,Wind Turbine and Electric Car,2023,16,https://cdn.rebrickable.com/media/sets/10985-1.jpg,Town
5007883-1,Minifigure Display Case 16 - Harry Potter (Tan),2023,16,https://cdn.rebrickable.com/media/sets/5007883-1.jpg,Storage
DOTS-HP-1,DOTS Collectible 41808-1 Tiles Hogwarts Accessories Pack,2023,16,https://cdn.rebrickable.com/media/sets/dots-hp-1.jpg,Database Sets
DOTS-HP-2,DOTS Collectible Tiles 41811-1 Hogwarts Desktop Kit,2023,16,https://cdn.rebrickable.com/media/sets/dots-hp-2.jpg,Database Sets
DOTS-SERIES-8,DOTS Collectible Tiles Series 8,2023,16,https://cdn.rebrickable.com/media/sets/dots-series-8.jpg,Database Sets
952304-1,Duke Detain & Criminal,2023,17,https://cdn.rebrickable.com/media/sets/952304-1.jpg,Police
892304-1,Golden Dragon Cole,2023,17,https://cdn.rebrickable.com/media/sets/892304-1.jpg,Ninjago
5007945-1,Friends: Play Stories,2023,17,https://cdn.rebrickable.com/media/sets/5007945-1.jpg,Books
9788325341510-1,Jurassic World: Nowa Era DinozaurÃ³w,2023,17,https://cdn.rebrickable.com/media/sets/9788325341510-1.jpg,Books
662309-1,Knight with Chest and Anvil,2023,17,https://cdn.rebrickable.com/media/sets/662309-1.jpg,Minecraft
DATABASE-2023,2023 - Unused Parts Database Set,2023,18,https://cdn.rebrickable.com/media/sets/database-2023.jpg,Database Sets
952305-1,Building Team with Tools,2023,19,https://cdn.rebrickable.com/media/sets/952305-1.jpg,Construction
9788325341527-1,City: Zawsze Gotowi,2023,19,https://cdn.rebrickable.com/media/sets/9788325341527-1.jpg,Books
10982-1,Fruit and Vegetable Tractor,2023,19,https://cdn.rebrickable.com/media/sets/10982-1.jpg,Duplo
10989-1,Water Park,2023,19,https://cdn.rebrickable.com/media/sets/10989-1.jpg,Duplo
662305-1,Nether Adventurer and Enderman,2023,19,https://cdn.rebrickable.com/media/sets/662305-1.jpg,Minecraft
122326-1,Raptor and Trap,2023,20,https://cdn.rebrickable.com/media/sets/122326-1.jpg,Jurassic World
122327-1,Baby Raptor with Incubator,2023,20,https://cdn.rebrickable.com/media/sets/122327-1.jpg,Jurassic World
DOTS-MEGA-PACK-6,DOTS Collectible Tiles 41807-1 Bracelet Designer Mega Pack,2023,20,https://cdn.rebrickable.com/media/sets/dots-mega-pack-6.jpg,Database Sets
952307-1,Police-Jet,2023,21,https://cdn.rebrickable.com/media/sets/952307-1.jpg,Police
562302-1,Bunny at Veterinary Station,2023,21,https://cdn.rebrickable.com/media/sets/562302-1.jpg,Friends
662304-1,"Ninja, Zombie and TNT Launcher",2023,21,https://cdn.rebrickable.com/media/sets/662304-1.jpg,Minecraft
6468020-1,Go Cart,2023,23,https://cdn.rebrickable.com/media/sets/6468020-1.jpg,LEGO Brand Store
6453332-1,Rose,2023,23,https://cdn.rebrickable.com/media/sets/6453332-1.jpg,Promotional
122328-1,Owen with Jet Pack and Raptor,2023,23,https://cdn.rebrickable.com/media/sets/122328-1.jpg,Jurassic World
682304-1,Green Goblin,2023,23,https://cdn.rebrickable.com/media/sets/682304-1.jpg,Spider-Man
30639-1,Dog Park and Scooter,2023,24,https://cdn.rebrickable.com/media/sets/30639-1.jpg,City
562301-1,Cat Tree with Kitten,2023,24,https://cdn.rebrickable.com/media/sets/562301-1.jpg,Friends
11975-1,Tractor,2023,25,https://cdn.rebrickable.com/media/sets/11975-1.jpg,Creator
952306-1,Service Car,2023,25,https://cdn.rebrickable.com/media/sets/952306-1.jpg,Traffic
562303-1,Puppy's Doghouse,2023,25,https://cdn.rebrickable.com/media/sets/562303-1.jpg,Friends
10995-1,Spider-Man's House,2023,25,https://cdn.rebrickable.com/media/sets/10995-1.jpg,Spiderman
242316-1,Black Panther with Jet,2023,25,https://cdn.rebrickable.com/media/sets/242316-1.jpg,Avengers
952302-1,Police Buggy,2023,26,https://cdn.rebrickable.com/media/sets/952302-1.jpg,Police
952308-1,Stunt-Quad,2023,27,https://cdn.rebrickable.com/media/sets/952308-1.jpg,Stuntz
5007946-1,Ninjago: Play Stories,2023,28,https://cdn.rebrickable.com/media/sets/5007946-1.jpg,Books
9781780559544-1,Ninjago: Nya's Powers,2023,28,https://cdn.rebrickable.com/media/sets/9781780559544-1.jpg,Books
10996-1,Lightning McQueen & Mater's Car Wash Fun,2023,29,https://cdn.rebrickable.com/media/sets/10996-1.jpg,Cars
952301-1,Fire-Helicopter,2023,30,https://cdn.rebrickable.com/media/sets/952301-1.jpg,Fire
9781338848526-1,Minifigure Photography,2023,30,https://cdn.rebrickable.com/media/sets/9781338848526-1.jpg,Books
662302-1,"Cave Explorer, Creeper and Slime",2023,30,https://cdn.rebrickable.com/media/sets/662302-1.jpg,Minecraft
122330-1,Raptor with Big Trap,2023,30,https://cdn.rebrickable.com/media/sets/122330-1.jpg,Jurassic World
952303-1,Lawn mower,2023,31,https://cdn.rebrickable.com/media/sets/952303-1.jpg,City
10986-1,Family House on Wheels,2023,31,https://cdn.rebrickable.com/media/sets/10986-1.jpg,Town
Build-a-Mini-2023,2023 Build-A-Minifigure Station Exclusive Parts,2023,31,https://cdn.rebrickable.com/media/sets/build-a-mini-2023.jpg,Database Sets
6453061-1,Easter Bunny,2023,32,https://cdn.rebrickable.com/media/sets/6453061-1.jpg,LEGO Brand Store
562304-1,Surfing with Dolphin,2023,32,https://cdn.rebrickable.com/media/sets/562304-1.jpg,Friends
5007701-1,Ideas on the Go,2023,32,https://cdn.rebrickable.com/media/sets/5007701-1.jpg,Books
6412189-1,Ramadan Lantern,2023,33,https://cdn.rebrickable.com/media/sets/6412189-1.jpg,LEGO Brand Store
212326-1,Batman and Batjet,2023,34,https://cdn.rebrickable.com/media/sets/212326-1.jpg,Batman
30638-1,Police Bike Training,2023,36,https://cdn.rebrickable.com/media/sets/30638-1.jpg,Police
TRUHEARTBOX-1,Friends Heart Box,2023,36,https://cdn.rebrickable.com/media/sets/truheartbox-1.jpg,Friends
6464602-1,Cake,2023,36,https://cdn.rebrickable.com/media/sets/6464602-1.jpg,Promotional
10997-1,Camping Adventure,2023,37,https://cdn.rebrickable.com/media/sets/10997-1.jpg,Duplo
41801-1,My Pets Bracelet,2023,37,https://cdn.rebrickable.com/media/sets/41801-1.jpg,DOTS
41802-1,Unicorns Forever Bracelet,2023,37,https://cdn.rebrickable.com/media/sets/41802-1.jpg,DOTS
71413-5,Bramball,2023,37,https://cdn.rebrickable.com/media/sets/71413-5.jpg,Super Mario
212325-1,Batcycle,2023,37,https://cdn.rebrickable.com/media/sets/212325-1.jpg,Batman
11977-1,Hammerhead Shark,2023,40,https://cdn.rebrickable.com/media/sets/11977-1.jpg,Creator
10983-1,Organic Market,2023,40,https://cdn.rebrickable.com/media/sets/10983-1.jpg,Duplo
30653-1,Batman 1992,2023,40,https://cdn.rebrickable.com/media/sets/30653-1.jpg,Batman
Pick-a-Brick-2023,2023 Pick-a-Brick and Bricks & Pieces Parts,2023,40,https://cdn.rebrickable.com/media/sets/pick-a-brick-2023.jpg,Database Sets
6471332-1,Turtle Van,2023,42,https://cdn.rebrickable.com/media/sets/6471332-1.jpg,Dreamzzz
10984-1,Organic Garden,2023,43,https://cdn.rebrickable.com/media/sets/10984-1.jpg,Duplo
6485744-1,Z-Blob M&T,2023,43,https://cdn.rebrickable.com/media/sets/6485744-1.jpg,Dreamzzz
30640-1,Racing Car,2023,44,https://cdn.rebrickable.com/media/sets/30640-1.jpg,Traffic
5008022-1,Jurassic Park Anniversary T-Rex,2023,44,https://cdn.rebrickable.com/media/sets/5008022-1.jpg,Jurassic World
30652-1,Doctor Strange's Interdimensional Portal,2023,44,https://cdn.rebrickable.com/media/sets/30652-1.jpg,Super Heroes Marvel
30636-1,Z-Blob and Bunchu Spider Escape,2023,44,https://cdn.rebrickable.com/media/sets/30636-1.jpg,Dreamzzz
11976-1,Spaceship,2023,45,https://cdn.rebrickable.com/media/sets/11976-1.jpg,Creator
BATTERSEA-1,Battersea Power Station,2023,45,https://cdn.rebrickable.com/media/sets/battersea-1.jpg,LEGO Brand Store
30647-1,The Dripstone Cavern,2023,45,https://cdn.rebrickable.com/media/sets/30647-1.jpg,Minecraft
30633-1,Skate Ramp,2023,46,https://cdn.rebrickable.com/media/sets/30633-1.jpg,Friends
71413-1,Blooper & Baby Bloopers,2023,46,https://cdn.rebrickable.com/media/sets/71413-1.jpg,Super Mario
CORONATION-1,Coronation Crown,2023,47,https://cdn.rebrickable.com/media/sets/coronation-1.jpg,LEGO Brand Store
30650-1,Kai and Rapton's Temple Battle,2023,47,https://cdn.rebrickable.com/media/sets/30650-1.jpg,Ninjago
30646-1,Moana's Dolphin Cove,2023,47,https://cdn.rebrickable.com/media/sets/30646-1.jpg,Disney Princess
11978-1,Viking Ship,2023,48,https://cdn.rebrickable.com/media/sets/11978-1.jpg,Creator
10789-1,Spider-Man's Car and Doc Ock,2023,48,https://cdn.rebrickable.com/media/sets/10789-1.jpg,Spider-Man
71413-2,Green Toad,2023,49,https://cdn.rebrickable.com/media/sets/71413-2.jpg,Super Mario
71413-3,Ice Bro,2023,50,https://cdn.rebrickable.com/media/sets/71413-3.jpg,Super Mario
71413-8,Cat Goombas,2023,50,https://cdn.rebrickable.com/media/sets/71413-8.jpg,Super Mario